_id,ID,FACILITY_NAME,STREET_ADDRESS,CITY_NAME,COUNTY_NAME,STATE_COUNTY_FIPS_CODE,STATE_ABBR,ZIP_CODE,REGION,FAC_CLOSED_IND,MAIL_NAME,MAIL_STREET_ADDRESS,MAIL_CITY,MAIL_STATE_ABBR,MAIL_PROVINCE,MAIL_COUNTRY,MAIL_ZIP_CODE,ASGN_FEDERAL_IND,ASGN_AGENCY,FRS_ID,PARENT_CO_DB_NUM,PARENT_CO_NAME,FAC_LATITUDE,FAC_LONGITUDE,PREF_LATITUDE,PREF_LONGITUDE,PREF_ACCURACY,PREF_COLLECT_METH,PREF_DESC_CATEGORY,PREF_HORIZONTAL_DATUM,PREF_SOURCE_SCALE,PREF_QA_CODE,ASGN_PARTIAL_IND,ASGN_PUBLIC_CONTACT,ASGN_PUBLIC_PHONE,ASGN_PUBLIC_PHONE_EXT,ASGN_PUBLIC_CONTACT_EMAIL,BIA_CODE,STANDARDIZED_PARENT_COMPANY,EPA_REGISTRY_ID
4159,15007BKRSTMIDDL,BAKERSTOWN CONTAINER CORP,BOX 51 MIDDLESEX ST,BAKERSTOWN,ALLEGHENY,42003,PA,15007,3,0,BAKERSTOWN CONTAINER CORP,BOX 51 MIDDLESEX ST,BAKERSTOWN,PA,,,15007,C,,,,,403948,795756,40.663333,79.965556,600,UN,UN,1,U,2010,0,LARRY DAVIS   EXT 228,7244437255,,,,,110041017477
4160,15007STHWSMIDDL,EXXONMOBIL LUBRICANTS & PETROLEUM SPECIALTIES CO,1031 MIDDLESEX ST BAKERSTOWN PLANT,BAKERSTOWN,ALLEGHENY,42003,PA,15007,3,1,EXXONMOBIL LUBRICANTS & PETROLEUM SPECIALTIES CO,1031 MIDDLESEX ST BAKERSTOWN PLANT,BAKERSTOWN,PA,,,15007,C,,,001213214,EXXONMOBIL CORP,403950,795805,40.6433,79.931889,5000,C2,UN,1,U,0000,0,RAY RAMIREZ,2814803769,,,,,110000818152
4161,15014LLGHNRIVER,ATI FLAT ROLLED PRODUCTS HOLDINGS LLC,100 RIVER RD,BRACKENRIDGE,ALLEGHENY,42003,PA,15014,3,0,ATI FLAT ROLLED PRODUCTS HOLDINGS LLC,100 RIVER RD,BRACKENRIDGE,PA,,,15014,C,,,949262737,ALLEGHENY TECHNOLOGIES INC,403622,794352,40.606111,79.731111,500,UN,UN,1,U,1010,0,"GILLESPIE,NATALIE C",4123942850,,NATALIE.GILLESPIE@ATIMATERIALS.COM,,ALLEGHENY TECHNOLOGIES INC,110000328734
4162,15017CYTMPMAYER,UNIVERSAL STAINLESS & ALLOY PRODUCTS INC,600 MAYER ST,BRIDGEVILLE,ALLEGHENY,42003,PA,15017,3,0,UNIVERSAL STAINLESS & ALLOY PRODUCTS INC,600 MAYER ST,BRIDGEVILLE,PA,,,15017,C,,,,UNIVERSAL STAINLESS & ALLOY PRODUCTS INC,402152,800604,40.364444,80.101111,11000,UN,UN,1,U,1000,0,JOSHUA M. WARREN,7246144890,,J.WARREN@UNIVSTAINLESS.COM,,UNIVERSAL STAINLESS & ALLOY PRODUCTS INC,110000328743
4163,15017DYNMT600MA,CARPENTER POWDER PRODUCTS INC,682 MAYER ST,BRIDGEVILLE,ALLEGHENY,42003,PA,15017,3,0,CARPENTER POWDER PRODUCTS INC,600 MAYER ST,BRIDGEVILLE,PA,,,15017,C,,,002344315,CARPENTER TECHNOLOGY CORP,0,0,,,,,,,,,0,ADAM J. WILTSE,4122954916,,AWILTSE@CARTECH.COM,,CARPENTER TECHNOLOGY CORP,110000740039
4164,15017FLWSR1885M,FLOWSERVE CORP,1885 MAYVIEW RD,BRIDGEVILLE,ALLEGHENY,42003,PA,15017,3,0,FLOWSERVE CORP,1885 MAYVIEW RD,BRIDGEVILLE,PA,,,15017,C,,,004241550,FLOWSERVE CORP,503350,545710,,,,,,,,,0,CHARLES KRUZAN,4129734830,,CKRUZAN@FLOWSERVE.COM,,FLOWSERVE CORP,110001114455
4165,15017GNRLLMAYER,GE CO. BRIDGEVILLE GLASS PLANT,540 MAYER ST,BRIDGEVILLE,ALLEGHENY,42003,PA,15017,3,2,GE CO. BRIDGEVILLE GLASS PLANT,540 MAYER ST,BRIDGEVILLE,PA,,,15017,C,,,001367960,GENERAL ELECTRIC CO (GE CO),402121,800620,40.365278,80.105556,500,UN,UN,1,U,1010,0,BARRY HALLOCK,8287028382,,BARRYH.HALLOCK@GE.COM,,GENERAL ELECTRIC CO (GE CO),110000328752
4166,15017MTHWS580MA,MATHEWS MARBLE MANUFACTURING,"580 MAYER ST, BLDG 7",BRIDGEVILLE,ALLEGHENY,42003,PA,150172709,3,0,MATHEWS MARBLE MANUFACTURING,"580 MAYER ST, BLDG 7",BRIDGEVILLE,PA,,,15017-2709,C,,,,,402155,800615,40.365278,80.104167,11000,UN,UN,1,U,1000,0,C. E. CLEMENT,4122579522,,,,,110000772931
4167,15017NCSNC3039W,GE IONICS BRIDGEVILLE,3039 WASHINGTON PIKE,BRIDGEVILLE,ALLEGHENY,42003,PA,15017,3,0,GE IONICS BRIDGEVILLE,3039 WASHINGTON PIKE,BRIDGEVILLE,PA,,,15017,C,,,1367960,GE CO,422100,800500,40.351207,80.11398,150,A1,PG,1,J,1000,0,JAMES BAIRD,7247430270,,,,,110000328761
4168,1501WTBCTY6MAYE,TMS INTERNATIONAL LLC,600 MAYER STREET,BRIDGEVILLE,ALLEGHENY,42003,PA,15017,3,0,TMS INTERNATIONAL LLC,600 MAYER ST,BRIDGEVILLE,PA,,,15017,C,,,614394299,TMS INTERNATIONAL CORP,,,,,,,,,,,0,MICHAEL CONNOLLY,2159565618,,MCONNOLLY@TMSINTERNATIONAL.COM,,TMS INTERNATIONAL CORP,110039496863
4169,1501WTHLNC2PRES,NORTHEAST PAVING BRIDGEVILLE PLANT,2 PRESTLEY ROAD,BRIDGEVILLE,ALLEGHENY,42003,PA,15017,3,0,NORTHEAST PAVING BRIDGEVILLE PLANT,290 BILMAR DRIVE 2ND FLOOR,PITTSBURGH,PA,,,15205,C,,,116894157,EUROVIA ATLANTIC COAST LLC,,,,,,,,,,,0,MICHAEL CUILIK,7032300850,,MICHAEL.CUILIK@EUROVIA.US,,,110055233019
4170,15020SNCCHBUNOL,UNIVAR SOLUTIONS USA - BUNOLA BRANCH,328 BUNOLA RIVER RD,BUNOLA,ALLEGHENY,42003,PA,15020,3,0,UNIVAR SOLUTIONS USA - BUNOLA BRANCH,PO BOX 303,BUNOLA,PA,,,15020,C,,,028968691,UNIVAR SOLUTIONS USA LLC,401410,795740,,,,,,,,,0,CRYSTAL JONES,6186986581,,CRYSTAL.JONES@UNIVARSOLUTIONS.COM,,,110000603357
4171,15024CHSWCPITTS,CHESWICK PLANT ENVIRONMENTAL REDEVELOPMENT GROUP LLC,PITTSBURGH & PORTER ST,SPRINGDALE,ALLEGHENY,42003,PA,15144,3,0,CHESWICK PLANT ENVIRONMENTAL REDEVELOPMENT GROUP LLC,151 PORTER ST,SPRINGDALE,PA,,,15144,C,,,,,403212,794739,,,,,,,,,0,RICHARD RAVOTTI,5023774228,,RRAVOTTI@CHARAH.COM,,,110056969641
4172,15024LLGHN1105P,ALLEGHENY LABEL INC,1105 PITTSBURGH ST,CHESWICK,ALLEGHENY,42003,PA,15024,3,0,ALLEGHENY LABEL INC,PO BOX 95,CHESWICK,PA,,,15024,C,,,,,402900,801400,40.5715,79.8574,11000,Z1,UN,1,U,0000,0,SUSAN C TONKS,4122747000,,,,,110001219315
4173,15024MLLNN1105C,TMG ELECTRONICS,1105 CHESWICK,CHESWICK,ALLEGHENY,42003,PA,15024,3,0,TMG ELECTRONICS,1105 CHESWICK,CHESWICK,PA,,,15024,C,,,,MBG TECHNOLOGIES INC,403225,794829,,,,,,,,,0,DAVID  TOMAN,7242747741,,TOMAN.D@1TMG.COM,,,110006900906
4174,15024RDLND230RI,GLEN-GERY CORP - PITTSBURGH PLANT,26 RICH HILL RD,CHESWICK,ALLEGHENY,42003,PA,15024,3,0,GLEN-GERY CORP - PITTSBURGH PLANT,26 RICH HILL RD,CHESWICK,PA,,,15024,C,,,117186318,BRICKWORKS BUILDING PRODUCTS NA,403324,795009,,,,,,,,,0,ERIC BROWN,6105626420,,ERIC.BROWN@GLENGERY.COM,,BRICKWORKS BUILDING PRODUCTS NORTH AMERICA,110013288478
4175,15024RDLND375RI,REDLAND BRICK INC HARMAR PLANT,375 RICH HILL RD,CHESWICK,ALLEGHENY,42003,PA,150242317,3,1,,375 RICH HILL RD.,CHESWICK,PA,,UNITED STATES,15024-2317,C,,,004468690,BELDEN BRICK CO,403330,795030,,,,,,,,,0,,,,,,,110000328798
4176,15024WSTNGLOWGR,WESTINGHOUSE ELECTRIC CORP,LOW GRADE RD AT LEMON LN,CHESWICK,ALLEGHENY,42003,PA,150241300,3,0,WESTINGHOUSE ELECTRIC CORP.,1000 CHESWICK AVE.,CHESWICK,PA,,,15024-1300,C,,,001343953,WESTINGHOUSE ELECTRIC CORP,403300,754845,40.55088,79.808384,150,A1,PG,1,J,1000,0,ROSEMARY PETA,4129635019,,,,,110008470751
4177,15025RSTCH400ST,KOPPERS INC CLAIRTON TAR PLANT,300 N STATE ST,CLAIRTON,ALLEGHENY,42003,PA,15025,3,0,KOPPERS INC CLAIRTON TAR PLANT,300 N STATE ST,CLAIRTON,PA,,,15025,C,,,196991582,KOPPERS INC,401730,795230,40.29,79.88,150,UN,UN,1,U,1010,0,JOHN IRVINE,4122272884,,IRVINEJK@KOPPERS.COM,,KOPPERS INC,110000328823
4178,15025SSCLR400ST,USS-CLAIRTON PLANT,400 STATE ST MS 71,CLAIRTON,ALLEGHENY,42003,PA,15025,3,0,USS-CLAIRTON PLANT,400 STATE ST MS 71,CLAIRTON,PA,,,15025,C,,,029990699,US STEEL CORP,401825,795230,40.306944,79.875,150,UN,UN,1,U,1010,0,JONELLE SCHEETZ,4126757382,,JSSCHEETZ@USS.COM,,US STEEL CORP,110042043384
4179,15025TYKRF301BR,LARGE PLANT OF TYK AMERICA INC,301 BRICKYARD RD,CLAIRTON,ALLEGHENY,42003,PA,15025,3,0,LARGE PLANT OF TYK AMERICA INC,301 BRICKYARD RD,CLAIRTON,PA,,,15025,C,,,,,401719,795517,40.288333,79.921667,150,UN,UN,1,U,1010,0,ALAN CHALFANT,4123844259,,,,,110000328841
4180,15025GRDNN1000G,GUARDIAN INDUSTRIES CORP - FLOREFFE PLANT,1000 GLASSHOUSE RD,JEFFERSON HILLS,ALLEGHENY,42003,PA,15025,3,1,GUARDIAN INDUSTRIES CORP - FLOREFFE PLANT,1000 GLASSHOUSE RD,JEFFERSON HILLS,PA,,,15025,C,,,054671169,GUARDIAN INDUSTRIES CORP,401515,795459,,,,,,,,,0,JAMES RILEY,2483402183,,JRILEY@GUARDIAN.COM,,GUARDIAN INDUSTRIES CORP,110000328814
4181,15025MRTHN1100G,MARATHON PETROLEUM CO - FLOREFFE PA ASPHALT TERMINAL,1100 GLASS HOUSE RD,JEFFERSON HILLS,ALLEGHENY,42003,PA,15025,3,0,MARATHON PETROLEUM CO - FLOREFFE PA ASPHALT TERMINAL,539 S MAIN ST,FINDLAY,OH,,,45840,C,,,968393996,MARATHON PETROLEUM CORP,401529,795454,,,,,,,,,0,SUE BARTO,4194295266,,MSBARTO@MARATHONPETROLEUM.COM,,MARATHON PETROLEUM CORP,110025330586
4182,1502WCRTSS1WRIG,CURTISS WRIGHT ELECTRO MECH CORP,1000 WRIGHT WAY,CHESWICK,ALLEGHENY,42003,PA,15024,3,0,CURTISS WRIGHT ELECTRO MECH CORP,1000 WRIGHT WAY,CHESWICK,PA,,,15024,C,,,002013522,CURTISS-WRIGHT CORP,,,,,,,,,,,0,HANNAH GIBSON,7243511370,,HGIBSON@CURTISSWRIGHT.COM,,CURTISS-WRIGHT CORP,110064209351
4183,1502WFLBGS221SW,FLABEG SOLAR US CORPORATION,2201 SWEENEY DRIVE,CLINTON,ALLEGHENY,42003,PA,15026,3,0,FLABEG SOLAR US CORPORATION,2201 SWEENEY DRIVE,CLINTON,PA,,,15026,C,,,,,,,,,,,,,,,0,WILLIAM E. OTTO,7248994610,,BILL.OTTO@FLABEG.COM,,FLABEG SOLAR US CORP,110039279269
4184,1502WNRDLC12CLI,NORD LOCK GROUP,1200 CLIFFORD BALL DRIVE,CLINTON,ALLEGHENY,42003,PA,15026,3,0,NORD LOCK GROUP,1200 CLIFFORD BALL DRIVE,CLINTON,PA,,,15026,C,,,,NORD-LOCK GROUP,,,,,,,,,,,0,ALAN GORE,4122930168,,ALAN.GORE@NORD-LOCK.COM,,,110071956533
4185,15030FRPRTBAILI,FREEPORT BRICK CO ALLEGHENY PLANT,BAILIES RUN RD,CREIGHTON,ALLEGHENY,42003,PA,15030,3,0,FREEPORT BRICK CO. ALLEGHENY PLANT,DRAWER F,FREEPORT,PA,,,16229-0306,C,,,004318911,FREEPORT AREA ENTS INC,403600,704700,40.5848,79.7812,11000,Z1,UN,1,U,0000,0,F. H. LAUBE,4122952111,,,,,110000954833
4186,15030PPGNDRTE28,PITTSBURGH GLASS WORKS CREIGHTON,150 FERRY ST,CREIGHTON,ALLEGHENY,42003,PA,15030,3,1,PITTSBURGH GLASS WORKS CREIGHTON,150 FERRY ST,CREIGHTON,PA,,,15030,C,,,028117104,LKQ CORP (DE),403520,794620,40.588889,79.772222,11000,UN,UN,1,U,1000,0,JOHN M. FELKER,7242266865,,JFELKER@PGWGLASS.COM,,LKQ CORP (DE),110000328850
4187,15030PTTPNPOBOX,PITT PENN OIL CO. LLC,426 FREEPORT RD,CREIGHTON,ALLEGHENY,42003,PA,15030,3,0,PITT PENN OIL CO. LLC.,PO BOX 296,CREIGHTON,PA,,,150300296,C,,,027887822,INDUSTRIAL ENTERPRISES OF AMERICA INC,403431,794637,40.582,79.7789,500,I1,UN,1,J,1000,0,DENNIS RITZERT,7242262712,,INFO@PITTPENN.COM,,,110000328869
4188,15030RPRDCRTE28,AIR PRODUCTS & CHEMICALS INC CREIGHTON PA FAC,RTE 28  FREEPORT RD,CREIGHTON,ALLEGHENY,42003,PA,15030,3,0,AIR PRODUCTS & CHEMICALS INC CREIGHTON PA FAC,RTE 28  FREEPORT RD,CREIGHTON,PA,,,15030,C,,,003001070,AIR PRODUCTS & CHEMICALS INC,403451,794659,40.580833,79.783056,11000,UN,UN,1,U,1000,0,R. L. SOBOTKA,4122261511,,,,,110007034235
4189,15031SNXXP710MI,SENEX EXPLOSIVES INC,710 MILLERS RUN RD,CUDDY,ALLEGHENY,42003,PA,15031,3,0,SENEX EXPLOSIVES INC,710 MILLERS RUN RD,CUDDY,PA,,,15031,C,,,,,402054,801040,,,,,,,,,0,,,,,,,110000328878
4190,15034BSWLL702WA,KINDER MORGAN LIQUIDS TERMINALS LLC,702 WASHINGTON AVE,DRAVOSBURG,ALLEGHENY,42003,PA,15034,3,0,KINDER MORGAN LIQUIDS TERMINALS L.L.C.,P.O. BOX 253,DRAVOSBURG,PA,,,15034,C,,,,,402115,795250,,,,,,,,,0,,,,,,,110000328921
4191,15034SSRVNPOBOX,USS MON VALLEY WORKS - IRVIN PLANT,CAMP HOLLOW RD,WEST MIFFLIN,ALLEGHENY,42003,PA,15122,3,0,USS MON VALLEY WORKS - IRVIN PLANT,PO BOX 878,DRAVOSBURG,PA,,,15034,C,,,029990699,US STEEL CORP,402300,795040,40.3542,79.89,500,I1,UN,1,J,1000,0,JONELLE SCHEETZ,4126757382,,JSSCHEETZ@USS.COM,,US STEEL CORP,110008470724
4192,15044MLMPY22FRO,MELAMPY MANUFACTURING CO,22 FRONTIER DR,GIBSONIA,ALLEGHENY,42003,PA,15044,3,0,MELAMPY MANUFACTURING CO,22 FRONTIER DR,GIBSONIA,PA,,,15044,C,,,055403752,STANDARD CAR TRUCK,403653,795423,,,,,,,,,0,DAVID P. KULBACKI,7244430841,,DKULBACKI@STDCAR.COM,,,110000328930
4193,15044PNNRG1239O,PANNIER GRAPHIC DIV,1239 OAK RD,GIBSONIA,ALLEGHENY,42003,PA,15044,3,0,PANNIER GRAPHIC DIV,1239 OAK RD,GIBSONIA,PA,,,15044,C,,,004320982,PANNIER CORP,,,40.6352,79.9435,11000,Z1,UN,1,U,0000,0,JEFF HEDDAEUS,,,,,,110024424283
4194,15045TCHMT15ALL,TECH MET INC.,15 ALLEGHENY SQUARE,GLASSPORT,ALLEGHENY,42003,PA,15045,3,0,TECH MET INC.,15 ALLEGHENY SQUARE,GLASSPORT,PA,,,15045,C,,,,,402110,795340,,,,,,,,,0,ROGER CRAWFORD,7249531753,,RCRAWFORD@TECHMETINC.COM,,,110000819179
4195,15049WTSNS616HI,WATSON STANDARD CO HARWICK PLANT,616 HITE RD,HARWICK,ALLEGHENY,42003,PA,15049,3,0,WATSON STANDARD CO HARWICK PLANT,616 HITE RD,HARWICK,PA,,,15049,C,,,834950552,WATSON INDUSTRIES INC,403316,794836,40.555,79.810278,500,UN,,1,U,1010,1,WATSON STANDARD,7242751000,,PVOLCHKO@WATSONSTANDARD.COM,,WATSON INDUSTRIES INC,110007758284
4196,15051MDRDNMEDRA,MEDRAD INC,1 MEDRAD DR,INDIANOLA,ALLEGHENY,42003,PA,15051,3,0,MEDRAD INC,1 MEDRAD DR,INDIANOLA,PA,,,15051,C,,,064960248,BAYER GROUP,403029,795148,40.568056,79.857778,500,UN,UN,1,U,1010,0,LUANNE RADERMARCHER,7249407968,,LRADERMERCHER@MEDRAD.COM,,,110000328967
4197,15051MRCNRSTATE,KINDER MORGAN TRANSMIX CO LLC,918 RT 910,INDIANOLA,ALLEGHENY,42003,PA,15051,3,0,KINDER MORGAN TRANSMIX CO LLC,PO BOX 840,INDIANOLA,PA,,,15051,C,,,,KINDER MORGAN,403417,795152,40.571389,79.864444,11000,UN,UN,1,U,1000,0,RICHARD KREJCI,7707514157,,RICK_KREJCI@KINDERMORGAN.COM,,KINDER MORGAN,110000747568
4198,15056CDMFGAVEBX,CODO MANUFACTURING CORP,7 AVE B BUNCHER INDUSTRIAL DISTRICT,LEETSDALE,ALLEGHENY,42003,PA,150560056,3,0,CODO MANUFACTURING CORP,7 AVE B BUNCHER INDUSTRIAL DISTRICT,LEETSDALE,PA,,,15056-0056,C,,,,,403337,801232,40.560278,80.208889,11000,UN,UN,1,U,1000,0,GARY T WARZYNSKI,4127412010,,,,,110002095116
4199,15106THPTTKEYST,THEPITT MFG CO,KEYSTONE DR,CARNEGIE,ALLEGHENY,42003,PA,151060000,3,1,THEPITT MFG CO,KEYSTONE DR,CARNEGIE,PA,,,15106-0000,C,,,,RE-HIDE INC,402357,800720,40.399167,80.122222,11000,UN,UN,1,U,1000,0,RONALD D. ROESSLER,,,,,,110007719362
4200,15106TLDYNARCHS,"TELEDYNE INC, TELEDYNE COLUMBIA SUMMERILL",ARCH ST,CARNEGIE,ALLEGHENY,42003,PA,15106,3,1,"TELEDYNE INC, TELEDYNE COLUMBIA SUMMERILL",ARCH ST,CARNEGIE,PA,,,15106,C,,,,ALLEGHENY TELEDYNE INC,402505,800442,40.418056,80.078333,11000,UN,UN,1,U,1000,0,,,,,,,110006645540
4201,15106VVNDMWESTN,"VIVIANO MACARONI CO, GROCERY",W NOBLESTOWN RD,CARNEGIE,ALLEGHENY,42003,PA,15106,3,0,"VIVIANO MACARONI CO, GROCERY",W NOBLESTOWN RD,CARNEGIE,PA,,,15106,C,,,001338797,BORDEN INC,402612,8e+05,40.3961,80.1119,500,I1,UN,1,J,1000,0,BORDEN PUBLIC AFFAIRS COLUMBUS OHIO,6142254422,,,,,110007719629
4202,15056CLRWTINDUS,THE LUBRIZOL CORP,100 LEETSDALE INDUSTRIAL DR - BUILDINGS 72 76 & 150,LEETSDALE,ALLEGHENY,42003,PA,15056,3,0,THE LUBRIZOL CORP,100 LEETSDALE INDUSTRIAL DRIVE,LEETSDALE,PA,,,15056,C,,,001024314,BERKSHIRE HATHAWAY INC,403346,801254,,,,,,,,,0,EDWARD MICHALOWSKI,7243181038,,EDWARD.MICHALOWSKI@LUBRIZOL.COM,,BERKSHIRE HATHAWAY INC,110012212514
4203,15056HSSYC100WA,LIBERTAS COPPER LLC,100 WASHINGTON ST,LEETSDALE,ALLEGHENY,42003,PA,15056,3,0,LIBERTAS COPPER LLC,100 WASHINGTON ST,LEETSDALE,PA,,,15056,C,,,,,403415,801330,40.570833,80.225,500,UN,UN,1,U,1010,0,MICHAEL JENKINS,7249719623,,MJENKINS@HUSSEYCOPPER.COM,,,110000328994
4204,15065HCKTTFEDER,HARSCO METALS - NATRONA,FEDERAL ST GATE 10 C/O ALLEGHENY LUDLUM STEEL,NATRONA HEIGHTS,ALLEGHENY,42003,PA,15065,3,0,HARSCO METALS - NATRONA,300 SEVEN FIELDS BLVD,SEVEN FIELDS,PA,,,16046,C,,,003952009,HARSCO CORP,403700,794300,40.616667,79.716667,11000,UN,UN,1,U,1000,0,GLENN D HUNDERTMARK,7247416662,,GHUNDERTMARK@HARSCO.COM,,HARSCO CORP,110000329136
4205,1506WDCTMT152IN,DUCTMATE INDUSTRIES,1502 INDUSTRIAL DR,MONONGAHELA,ALLEGHENY,42003,PA,15063,3,0,DUCTMATE INDUSTRIES,1502 INDUSTRIAL DR,MONONGAHELA,PA,,,15063,C,,,,,0,0,,,,,,,,,0,EDWIN S HART,7243101054,,EHART@DMICOMPANIES.COM,,,110060152659
4206,15071CRCBL1001R,ATI SPECIALTY MATERIALS LLC - OAKDALE,1001 ROBB HILL RD,OAKDALE,ALLEGHENY,42003,PA,15071,3,0,ATI SPECIALTY MATERIALS LLC - OAKDALE,1001 ROBB HILL RD,OAKDALE,PA,,,15071,C,,,949262737,ATI INC,402520,801138,40.422222,80.193889,11000,UN,UN,1,U,1000,0,NATALIE GILLESPIE,4123942850,,NATALIE.GILLESPIE@ATIMATERIALS.COM,,,110000329181
4207,15071NDSTR11AKD,INDUSTRIAL SCIENTIFIC CORP,1001 OAKDALE RD,OAKDALE,ALLEGHENY,42003,PA,15071,3,1,INDUSTRIAL SCIENTIFIC CORP,1001 OAKDALE RD,OAKDALE,PA,,,15071,C,,,,,,,,,,,,,,,0,DARRIN BACHY,4124901802,,PRDDEB@INDSCI.COM,,INDUSTRIAL SCIENTIFIC CORP,110004863639
4208,15071PRNMNNEPRI,PRION MANUFACTURING,ONE PRION DR,OAKDALE,ALLEGHENY,42003,PA,15071,3,0,,NA,NA,NA,,,NA,C,,,,,,,,,,,,,,,0,BILL PRION,7246930200,107,BILL.PRION@OUTLOOK.COM,,,110004881539
4209,1507WRNKRP2GREG,RINKER PITTSBURGH PIPE,2000 GREGG STATION RD,OAKDALE,ALLEGHENY,42003,PA,15071,3,0,RINKER PITTSBURGH PIPE,2000 GREGG STATION RD,OAKDALE,PA,,,15071,C,,,969583546,QUIKRETE HOLDINGS,,,,,,,,,,,0,DAVID MCKINNEY,3365585447,,DAVID.MCKINNEY@RINKERPIPE.COM,,QUIKRETE HOLDINGS,110071428640
4210,15084NTDBR344W6,UNITED BRONZE OF PITTSBURGH,344 W 6TH AVE,TARENTUM,ALLEGHENY,42003,PA,15084,3,0,UNITED BRONZE OF PITTSBURGH,P.O. BOX 317,CREIGHTON,PA,,,15030,C,,,,,403552,794550,40.597778,79.763889,11000,UN,UN,1,U,1000,0,ROBERT E. ORRINGON,4122268500,,,,,110011931384
4211,15088HRCLSSTATE,SYNTHOMER JEFFERSON HILLS LLC,2200 STATE HWY 837,JEFFERSON HILLS,ALLEGHENY,42003,PA,15025,3,0,SYNTHOMER JEFFERSON HILLS LLC,PO BOX 545,WEST ELIZABETH,PA,,,15088,C,,,,YULE CATTO INC.,401500,795410,40.266667,79.902778,500,UN,UN,1,U,1010,0,MARSHALL HOLMES,4128132222,,MARSHALL.HOLMES@SYNTHOMER.COM,,,110000583057
4212,15088SNYCHSTATE,SANYO CHEMICAL & RESINS LLC,STATE RT 837 PO BOX 567,WEST ELIZABETH,ALLEGHENY,42003,PA,15088,3,1,SANYO CHEMICAL & RESINS LLC,PO BOX 567,WEST ELIZABETH,PA,,,15088,C,,,,SANYO N.A.,0,0,,,,,,,,,0,SHINYA FUJIBAYASHI,4123842520,,SFUJIBAYASHI@SANAMCORP.COM,,SANYO NORTH AMERICA,110067041846
4213,15088SYLVNSECON,CONSUMERS WOOD PRESERVING CO,2ND ST,WEST ELIZABETH,ALLEGHENY,42003,PA,15088,3,0,CONSUMERS WOOD PRESERVING CO.,1 CHICAGO AVE.,ELIZABETH,PA,,,15037,C,,,008939902,WEST ELIZABETH LUMBER CO,401551,795356,40.264167,79.898889,11000,UN,UN,1,U,1000,0,CARL D. SHAFFER,4123843900,,,,,110007034173
4214,1508WWRLDW6THCE,RESCO PRODUCTS INC,6TH & CENTER ST,TARENTUM,ALLEGHENY,42003,PA,15084,3,0,RESCO PRODUCTS INC,P. O. BOX  28,TARENTUM,PA,,,15084,C,,,002324655,RESCO PRODUCTS INC,,,,,,,,,,,0,MICHAEL SKINNER,7242448800,,MIKE.SKINNER@RESCOPRODUCTS.COM,,RESCO PRODUCTS INC,110010150237
4215,15104HRSCH13THB,HARSCO METALS - BRI,13TH & BRADDOCK AVE C/O USS,BRADDOCK,ALLEGHENY,42003,PA,15104,3,0,HARSCO METALS - BRI,300 SEVEN FIELDS BLVD,SEVEN FIELDS,PA,,,16046,C,,,003952009,HARSCO CORP,402350,795135,,,,,,,,,1,GLENN HUNDERTMARK,7247416662,,,,HARSCO CORP,110020515897
4216,15104MSDVT13BRA,TMS INTERNATIONAL LLC,1300 BRADDOCK AVE,BRADDOCK,ALLEGHENY,42003,PA,15104,3,0,TMS INTERNATIONAL LLC,1155 BUSINESS CENTER DR,HORSHAM,PA,,,19044,C,,,614394299,TMS INTERNATIONAL CORP,,,,,,,,,,,0,STEPHANIE HAHN,2159565412,,TMSINTLENVENG@TMSINTERNATIONAL.COM,,TMS INTERNATIONAL CORP,110031020357
4217,15104MTRCL100TA,MOTOR COILS MFG CO,100 TALBOT AVE,BRADDOCK,ALLEGHENY,42003,PA,15104,3,0,MOTOR COILS MFG CO,100 TALBOT AVE,BRADDOCK,PA,,,15104,C,,,859875437,WABTEC CO,402501,795001,40.405187,79.875583,150,A1,PG,1,J,1000,0,RON SHANNON,4122734900,,,,,110000329234
4218,15104PCMTL11TAL,EPIC METALS CORP,11 TALBOT AVE,RANKIN,ALLEGHENY,42003,PA,15104,3,0,EPIC METALS CORP,11 TALBOT AVE,RANKIN,PA,,,15104,C,,,,,402424,795233,,,,,,,,,0,DAVID C WEBER,4123513913,157,DAVID.WEBER@EPICMETALS.COM,,,110001214365
4219,15104PSTCN2158T,PESTCO INC,215 8TH ST,BRADDOCK,ALLEGHENY,42003,PA,15104,3,0,PESTCO INC,215 8TH ST,BRADDOCK,PA,,,15104,C,,,041723545,PESTCO INC,402355,795146,40.398611,79.862778,150,UN,UN,1,U,1010,0,ARNOLD ZLOTNIK,4123512100,,,,,110011530628
4220,15104SSDGRBRADD,USS MON VALLEY WORKS - EDGAR THOMSON PLANT,BRADDOCK AVE & 13TH ST,BRADDOCK,ALLEGHENY,42003,PA,15104,3,0,USS MON VALLEY WORKS - EDGAR THOMSON PLANT,BRADDOCK AVE & 13TH ST,BRADDOCK,PA,,,15104,C,,,029990699,US STEEL CORP,402331,795132,40.391944,79.858889,150,UN,UN,1,U,1010,0,JONELLE SCHEETZ,4126757382,,JSSCHEETZ@USS.COM,,US STEEL CORP,110001116934
4221,15106BWMNMFIRST,"ARMCO INC, BOWMAN METAL DECK DIV PLANT",1ST ST & ELLSWORTH AVE,HEIDELBERG,ALLEGHENY,42003,PA,15106,3,1,"ARMCO INC., BOWMAN METAL DECK DIV. PLANT",P.O. BOX 260,PITTSBURGH,PA,,,15230,C,,,001211879,ARMCO INC,402342,800532,40.395,80.092222,150,UN,UN,1,U,1010,0,"DANIEL SZWED, P.E.",4122842267,,,,,110001104732
4222,15106NNLCT726BE,UNION ELECTRIC STEEL CORP,726 BELL ST,CARNEGIE,ALLEGHENY,42003,PA,15106,3,0,UNION ELECTRIC STEEL CORP,PO BOX 465,CARNEGIE,PA,,,15106,C,,,004327862,AMPCO-PITTSBURGH CORP,402506,800436,40.416667,80.078889,150,UN,UN,1,U,1010,0,JIMMY WALKER,4124292481,,JWALKER@AMPCOPGH.COM,,AMPCO-PITTSBURGH CORP,110000329243
4223,15106THHMM235HO,O HOMMEL CO,235 HOPE ST,CARNEGIE,ALLEGHENY,42003,PA,15106,3,0,O HOMMEL CO,235 HOPE ST,CARNEGIE,PA,,,15106,C,,,,,402348,800504,40.396667,80.084444,150,UN,UN,1,U,1010,0,JOHN J LEN,4122790700,,,,,110000329252
4224,15108BPXPL510NA,BP PRODUCTS NA INC - CORAOPOLIS TERMINAL,3200 UNIVERSITY BLVD,CORAOPOLIS,ALLEGHENY,42003,PA,15108,3,0,BP PRODUCTS NA INC - CORAOPOLIS TERMINAL,3200 UNIVERSITY BLVD,CORAOPOLIS,PA,,,15108,C,,,039596507,BP AMERICA INC,403140,801112,,,,,,,,,0,ROBERT TWORKOWSKI,4106366416,,ROBERT.TWORKOWSKI@BP.COM,,,110022532801
4225,15108CHMCN3000C,UNIVAR USA INC CORAOPOLIS BRANCH,3000 CASTEEL RD,CORAOPOLIS,ALLEGHENY,42003,PA,15108,3,0,UNIVAR USA INC,328 BUNOLA RIVER RD,BUNOLA,PA,,,15020,C,,,102971785,UNIVAR USA INC,402718,801034,,,,,,,,,0,STEVEN BERG,4123845353,,STEVEN.BERG@UNIVARUSA.COM,,,110000329270
4226,15108MRCNC641FO,AMERICAN CHEMSOL CORP,641 4TH AVE,CORAOPOLIS,ALLEGHENY,42003,PA,15108,3,1,AMERICAN CHEMSOL CORP,641 4TH AVE,CORAOPOLIS,PA,,,15108,C,,,013996335,AMERICAN CHEMSOL CORP,,,40.5215,80.1724,150,A1,PG,1,J,1000,0,SCOTT MESSER,4122645464,,,,,110002095134
4227,15108PTTSB301TH,PITTSBURGH FORGINGS CO,301 THORN ST,CORAOPOLIS,ALLEGHENY,42003,PA,15108,3,0,PITTSBURGH FORGINGS CO,301 THORN ST,CORAOPOLIS,PA,,,15108,C,,,,,403131,801016,40.525278,80.171111,150,UN,UN,1,U,1010,0,GARY HATTON,4122694036,,,,,110002095143
4228,15108PTTSB9THRN,CORAOPOLIS TERMINALS - DE LLC/CORAOPOLIS TERMINAL,9 THORN ST,CORAOPOLIS,ALLEGHENY,42003,PA,15108,3,0,CORAOPOLIS TERMINALS - DE LLC/CORAOPOLIS TERMINAL,900 S. EISENHOWER BLVD.,MIDDLETOWN,PA,,,17057,C,,,,,403131,801035,,,,,,,,,0,GEORGE W. ELBERTI III,7179390466,,GELBERTI@LHTTERMINALS.COM,,,110060020338
4229,15108RBWCRNARRO,RB & W CORP,NARROWS RUN RD,CORAOPOLIS,ALLEGHENY,42003,PA,15108,3,0,RB & W CORP,NARROWS RUN RD,CORAOPOLIS,PA,,,15108,C,,,,,403300,801200,40.55,80.2,11000,UN,UN,1,U,1000,0,RONALD L. NORDSTORM,4127711313,,,,,110047430435
4230,1510WSDDSF316DE,US DOD USAF 911TH AIRLIFT WING,2475 DEFENSE AVE,CORAOPOLIS,ALLEGHENY,42003,PA,15108,3,0,US DOD USAF 911TH AIRLIFT WING,"911 AIRLIFT WING, PITTSBURGH IAP ARS",CORAOPOLIS,PA,,,151084402,F,DOD,,,US DEPARTMENT OF DEFENSE,,,,,,,,,,,0,MARK WINKLOSKY,4124748511,,MARK.WINKLOSKY.1@US.AF.MIL,,US DEPARTMENT OF DEFENSE,110067123071
4231,1510WSDDSF3TANK,US DOD USAF 171 ARW PENNSYLVANIA ANG,300 TANKER ROAD #4257,CORAOPOLIS,ALLEGHENY,42003,PA,151084257,3,0,US DOD USAF 171 ARW PENNSYLVANIA ANG,300 TANKER ROAD #4257,CORAOPOLIS,PA,,,15108-4257,F,DOD,,,US DEPARTMENT OF DEFENSE,,,,,,,,,,,1,SHAWN MONK,4127767152,,SHAWN.MONK@US.AF.MIL,,US DEPARTMENT OF DEFENSE,110007034146
4232,15110DRBND5NLIN,DURA-BOND COATING INC,5 N LINDEN,DUQUESNE,ALLEGHENY,42003,PA,15110,3,0,DURA-BOND COATING INC,5 N LINDEN,DUQUESNE,PA,,,15110,C,,,004373981,DURA-BOND INDUSTRIES INC,,,,,,,,,,,0,ZACHARY DREW,7243874321,,ZACH.DREW@DURA-BOND.COM,,DURA-BOND INDUSTRIES INC,110045319641
4233,15112WSTNG700BR,INTERVALA - PITTSBURGH,700 BRADDOCK AVE,EAST PITTSBURGH,ALLEGHENY,42003,PA,15112,3,0,INTERVALA - PITTSBURGH,700 BRADDOCK AVE,EAST PITTSBURGH,PA,,,15112,C,,,,,402356,794954,40.398889,79.831667,150,UN,UN,1,U,1010,0,DAMIAN ESSEL,4124294849,,DAMIAN.ESSEL@INTERVALA.COM,,INTERVALA LLC,110002342812
4234,15116BLLCH1114W,RANBAR TECHNOLOGY INC,1114 WILLIAM FLINN HWY,GLENSHAW,ALLEGHENY,42003,PA,15116,3,0,RANBAR TECHNOLOGY INC,PO BOX 607,MANOR,PA,,,15665,C,,,004336863,RANBAR TECHNOLOGY INC,403116,795650,40.521111,79.947222,11000,UN,UN,1,U,1000,0,JOSEPH FEDEROFF,7248648254,,,,,110042036695
4235,15116GLNSH1101W,GLENSHAW GLASS CO INC,1101 WILLIAM FLYNN HWY,GLENSHAW,ALLEGHENY,42003,PA,15116,3,0,GLENSHAW GLASS CO INC,1101 WILLIAM FLYNN HWY,GLENSHAW,PA,,,15116,C,,,,,403115,795710,40.520833,79.952778,11000,UN,UN,1,U,1000,0,DENNIS WEICHEL,4124869100,,,,,110000329298
4236,15116STLBR1126B,EAST LIBERTY ELECTROPLATING INC,1126 BUTLER PLANK RD,GLENSHAW,ALLEGHENY,42003,PA,15116,3,0,EAST LIBERTY ELECTROPLATING INC,1126 BUTLER PLANK RD,GLENSHAW,PA,,,15116,C,,,,,402905,795810,40.529,79.9532,150,A1,PG,1,J,1000,0,VINCENT KOVALIK,4129610517,,,,,110000818731
4237,1511WHLTCM76BRA,HOLTEC MANUFACTURING,750 BRADDOCK AVE,EAST PITTSBURGH,ALLEGHENY,42003,PA,15112,3,0,HOLTEC MANUFACTURING,750 BRADDOCK AVE,EAST PITTSBURGH,PA,,,15112,C,,,,,,,,,,,,,,,0,RICK ROTHRAUFF,4128233773,1344,RROTHRAUFF@HOLTECMFG.COM,,,110071334707
4238,1511WTHRML5NRTH,WABTEC COMPONENTS LLC FORMERLY THERMAL TRANSFER CORP,50 N LINDEN ST,DUQUESNE,ALLEGHENY,42003,PA,15110,3,0,WABTEC COMPONENTS LLC FORMERLY THERMAL TRANSFER CORP,50 N LINDEN ST,DUQUESNE,PA,,,15110,C,,,612626675,WABTEC CORP,0,0,,,,,,,,,0,ROBERT HALL,4122652786,,BVHALL@WABTEC.COM,,WABTEC CORP,110070281222
4239,15120DMSCS1001E,ASCENT TUBULAR PRODUCTS,1001 E WATERFRONT DR,MUNHALL,ALLEGHENY,42003,PA,15120,3,1,ASCENT TUBULAR PRODUCTS,1001 E WATERFRONT DR,MUNHALL,PA,,,15120,C,,,428994578,SYNALLOY CORP,0,0,,,,,,,,,0,CHRISTOPHER GEORGE,8289992839,,CGEORGE@ASCENTTUBULAR.COM,,ASCENT INDUSTRIES,110002095152
4240,15120MGNTK800MA,PITTSBURGH ELECTRICAL INSULATION,800 MARTHA ST,MUNHALL,ALLEGHENY,42003,PA,15120,3,0,PITTSBURGH ELECTRICAL INSULATION,800 MARTHA ST,MUNHALL,PA,,,15120,C,,,,,0,0,40.407778,79.899444,11000,UN,UN,1,U,1000,0,SCOTT REIDER,7249614141,,SR@PEIPITTSBURGH.COM,,,110001027816
4241,15120WSTHMWESTS,WHEMCO-STEEL CASTINGS INC,601 W SEVENTH AVE,HOMESTEAD,ALLEGHENY,42003,PA,15120,3,0,WHEMCO-STEEL CASTINGS INC,601 W SEVENTH AVE,HOMESTEAD,PA,,,15120,C,,,142366165,WHEMCO INC,402405,795530,,,,,,,,,0,HOWARD ZEIGLER,4124761544,,HZEIGLER@WHEMCO.COM,,WHEMCO INC,110007780767
4242,15122GNRLM1451L,GENERAL MOTORS MFD PITTSBURG,1451 LEBANON SCHOOL RD,WEST MIFFLIN,ALLEGHENY,42003,PA,15122,3,0,GENERAL MOTORS MFD PITTSBURG,1451 LEBANON SCHOOL RD,WEST MIFFLIN,PA,,,15122,C,,,005356613,GENERAL MOTORS CORP,402050,795400,,,,,,,,,0,ADAM WYLIE,4124696608,,,,,110001065490
4243,15122LBRTY1575L,LIBERTY PULTRUSIONS,1575 LEBANON SCHOOL RD,WEST MIFFLIN,ALLEGHENY,42003,PA,15122,3,0,LIBERTY PULTRUSIONS,1575 LEBANON SCHOOL RD,WEST MIFFLIN,PA,,,15122,C,,,,,402046,795322,40.346111,79.889444,150,UN,UN,1,U,1010,0,DAVID GRIFFITH,4124668611,,DGRIFFITH@LIBERTYPULTRUSIONS.COM,,,110000329305
4244,15122SFTYK650NO,SAFETY-KLEEN SYSTEMS WEST MIFFLIN (WMP),650 NOBLE DR,WEST MIFFLIN,ALLEGHENY,42003,PA,15122,3,0,SAFETY-KLEEN SYSTEMS WEST MIFFLIN (WMP),650 NOBLE DR,WEST MIFFLIN,PA,,,15122,C,,,157793639,CLEAN HARBORS INC,402312,795322,,,,,,,,,0,"SPONHALTZ, JAMES",4124620644,,,,CLEAN HARBORS INC,110000329314
4245,15122SGKYW890NO,KEYWELL CORP VAC AIR ALLOYS DIV,890 NOBLE DR,WEST MIFFLIN,ALLEGHENY,42003,PA,15122,3,0,KEYWELL CORP VAC AIR ALLOYS DIV,890 NOBLE DR,WEST MIFFLIN,PA,,,15122,C,,,382653724,SG KEYWELL CO,402136,795525,40.36,79.923611,150,UN,UN,1,U,1010,0,J. C. NUTTER,8144534716,,,,,110001035442
4246,15122NRTHM11PIT,NORTH AMERICAN REFRACTORIES CO WEST MIFFLIN PLANT,1001 PITTSBURGH-MCKEESPORT BLVD,WEST MIFFLIN,ALLEGHENY,42003,PA,15122,3,0,NORTH AMERICAN REFRACTORIES CO,400 FAIRWAY DR,MOON TOWNSHIP,PA,,,15108,C,,,093902542,NORTH AMERICAN REFRACTORIES CO,,,,,,,,,,,0,Charles D. Kidd,6144009717,,CKidd@thinkHWI.com,,,110037616345
4247,15129CNSLN4000B,CONSOL ENERGY INC RESEARCH & DEVELOPMENT,4000 BROWNSVILLE RD,SOUTH PARK,ALLEGHENY,42003,PA,15129,3,0,CONSOL ENERGY INC RESEARCH & DEVELOPMENT,4000 BROWNSVILLE RD,SOUTH PARK,PA,,,15129,C,,,,,401715,800112,,,,,,,,,0,RICHARD WINSCHEL,4128546683,,,,,110001051904
4248,1512WLFRGD481BU,LAFARGE - DUQUESNE SLAG,4810 BUTTERMILK HOLLOW ROAD,WEST MIFFLIN,ALLEGHENY,42003,PA,15122,3,0,LAFARGE - DUQUESNE SLAG,6401 GOLDEN TRIANGLE DR SUITE 400,GREENBELT,MD,,,20770,C,,,081260273,HOLCIM PARTICIPATIONS (US) INC.,,,,,,,,,,,0,JAMES CARROLL,3018375667,,JAMES.CARROLL@HOLCIM.COM,,HOLCIM PARTICIPATIONS (US) INC,110001060244
4249,1512WSMNSN7EWAT,SIEMENS INDUSTRY INC,700 E WATERFRONT DR,MUNHALL,ALLEGHENY,42003,PA,15120,3,0,SIEMENS INDUSTRY INC,700 E WATERFRONT DR,MUNHALL,PA,,,15120,C,,,019044650,SIEMENS CORP,,,,,,,,,,,0,CHRISTINE HIGDON,5025948175,,CHRISTINE.HIGDON@SIEMENS.COM,,SIEMENS CORP,110064444980
4250,15131PTRND1224L,APTER INDUSTRIES INC,1224 LONG RUN RD,MC KEESPORT,ALLEGHENY,42003,PA,151312035,3,0,APTER INDS INC,PO BOX 456,MC KEESPORT,PA,,,15134-0456,C,,,,,402005,791842,40.334182,79.812197,150,A1,PG,1,J,1000,0,ROBERT J HOLMES,4126729628,,,,,110000329323
4251,15132CPNDS2214W,CP INDUSTRY INC,2214 WALNUT ST,MC KEESPORT,ALLEGHENY,42003,PA,15132,3,0,CP INDUSTRY INC,2214 WALNUT ST,MC KEESPORT,PA,,,15132,C,,,,,402040,795108,40.344444,79.852222,150,UN,UN,1,U,1010,0,C. H. ELLIS,4126646626,,,,,110001053760
4252,15132NMLPR3500W,SEQUA COATINGS CORP PRECOAT METALS DIV,3500 WALNUT ST,MC KEESPORT,ALLEGHENY,42003,PA,15132,3,0,SEQUA COATINGS CORP PRECOAT METALS DIV,3500 WALNUT ST,MC KEESPORT,PA,,,15132,C,,,001374727,CARLYLE GROUP,401930,795015,40.325,79.8375,150,UN,UN,1,U,1010,0,ANU SINGH,3144367010,,ANU_SINGH@PRECOAT.COM,,,110000329332
4253,15134DRBND3200Y,DURA-BOND COATING,3200 YOUGHIOGHENY RIVER RD,LIBERTY BOROUGH,ALLEGHENY,42003,PA,15134,3,1,DURA-BOND COATING,PO BOX 698,MCKEESPORT,PA,,,15134,C,,,004373981,DURA-BOND INDUSTRIES INC.,401934,795048,40.326111,79.846667,99999,UN,UN,U,U,0000,0,JOHN HOPPER,7243270280,,JHOPPER@DURA-BOND.COM,,DURA-BOND INDUSTRIES INC,110001022893
4254,15135DVNCD1001E,AMI DODUCO INC  PLANT #1,1001 E SMITHFIELD ST,MC KEESPORT,ALLEGHENY,42003,PA,15135,3,0,AMI DODUCO INC.,1003 CORPORATE LN. WESTMORELAND,EXPORT,PA,,,15632,C,,,002300556,TECHNITROL INC,401855,794758,40.315278,79.798333,11000,UN,UN,1,U,1000,0,,,,,,,110000329341
4255,15135DVNCD1028E,ADVANCED METALLURGY INC PLANT 1,1028 E SMITHFIELD ST,MC KEESPORT,ALLEGHENY,42003,PA,151350091,3,0,ADVANCED METALLURGY INC. PLANT 1,1003 CORPORATE DR.,EXPORT,PA,,,15632,C,,,002300556,TECHNITROL INC,401900,794801,40.316667,79.800278,11000,UN,UN,1,U,1000,0,LARRY J. GAUDINO,4127338332,,,,,110002335036
4256,15135VSTMT1024E,VISTA METALS INC,1024 E SMITHFIELD ST,MC KEESPORT,ALLEGHENY,42003,PA,15135,3,0,VISTA METALS INC,1024 E SMITHFIELD ST,MC KEESPORT,PA,,,15135,C,,,,,401900,794757,40.316667,79.799167,11000,UN,UN,1,U,1000,0,CHAD RILEY,4127514600,262,CRILEY@VISTAMETALSINC.COM,,,110000329350
4257,15136CLGST1400F,NORTH COAST CALIG CORP,1400 FLEMING AVE,MC KEES ROCKS,ALLEGHENY,42003,PA,151360418,3,0,NORTH COAST CALIG CORP.,8806 CRANE AVE.,CLEVELAND,OH,,,44105-1622,C,,,107857856,NORTH COAST CALIG CORP,402908,800422,40.486111,80.073056,150,UN,UN,1,U,1010,0,DAVID F. MILLER,2164416214,,,,,110000763861
4258,15136GRDNT1000E,GORDON TERMINAL SERVICE CO OF PA,1000 AGNES ST,MC KEES ROCKS,ALLEGHENY,42003,PA,15136,3,0,GORDON TERMINAL SERVICE CO OF PA,PO BOX 313,MC KEES ROCKS,PA,,UNITED STATES,15136,C,,,,GORDON TERMINAL SERVICE CO OF PA,0,0,,,,,,,,,0,TIMOTHY GORDON,4123319410,,THGORDON@GTSCOFPA.COM,,GORDON TERMINAL SERVICE CO OF PA,110064225057
4259,15136MTLLR149NI,MSSI INC,149 NICHOL AVE,MC KEES ROCKS,ALLEGHENY,42003,PA,15136,3,1,MSSI INC,149 NICHOL AVE,MC KEES ROCKS,PA,,,15136,C,,,,,402851,800349,40.480833,80.063611,150,UN,UN,1,U,1010,0,DONALD K. WISEMAN JR.,4127715533,,,,,110002095161
4260,15136PPSCL400GR,PEPSI-COLA CO,400 GRAHAM ST,MC KEES ROCKS,ALLEGHENY,42003,PA,15136,3,0,PEPSI-COLA CO,400 GRAHAM ST,MC KEES ROCKS,PA,,,15136,C,,,001287762,PEPSICO INC,402836,800322,40.476667,80.056111,150,UN,UN,1,U,1010,0,HENRY T. DLUGONSKI,4127784515,,,,,110000329369
4261,15136PTTSBBUILD,PITTSBURGH ANNEALING BOX CO,MCKEES ROCKS INDUSTRIALL ENTERPRISES BUILDING 40 N,MC KEES ROCKS,ALLEGHENY,42003,PA,15136,3,0,PITTSBURGH ANNEALING BOX CO,685 STATE ST,VANPORT,PA,,,15009,C,,,,,402850,800335,40.4493,80.028278,600,A2,PG,1,J,1000,0,LEONARD LISCIO,7243713059,,,,,110000603384
4262,15136SCHRDNICHO,SCHROEDER INDUSTRIES,NICHOL AVE,MC KEES ROCKS,ALLEGHENY,42003,PA,15136,3,0,SCHROEDER INDUSTRIES,P.O. BOX 72,MC KEES ROCKS,PA,,,15136,C,,,108839168,ALCO INDUSTRIES INC,292151,603809,40.4684,80.109,11000,Z1,UN,1,U,0000,0,MICAHEL CAMINO,4127714810,,,,,110007763697
4263,15136STNDR75NIC,STANDARD FORGED PRODUCTS LLC PLT 1112,75 NICHOL AVE,MC KEES ROCKS,ALLEGHENY,42003,PA,15136,3,0,STANDARD FORGED PRODUCTS LLC PLT 1112,75 NICHOL AVE,MC KEES ROCKS,PA,,,15136,C,,,119554963,FERROWORKS LLC,0,0,,,,,,,,,0,DANIEL PETRUNAK,8143419854,,DANIEL.PETRUNAK@FERROWORKS.COM,,,110025330933
4264,15139DGWTR300CO,EDGEWATER STEEL LTD,300 COLLEGE AVE,OAKMONT,ALLEGHENY,42003,PA,15139,3,0,EDGEWATER STEEL LTD,300 COLLEGE AVE,OAKMONT,PA,,,15139,C,,,,,403046,795042,40.512778,79.845,11000,UN,UN,1,U,1000,0,TED LOHEYDE,4125177200,,,,,110000329378
4265,15139FFVLN10ANN,AFFIVAL INC,10 ANN ST BUILDING 12,OAKMONT,ALLEGHENY,42003,PA,15139,3,0,AFFIVAL INC,10 ANN ST BUILDING 12,OAKMONT,PA,,,15139,C,,,,DEGUSSA AG,403110,795046,40.5183,79.842444,5000,C2,UN,1,U,0000,0,JUDITH A. BELL,7242651766,,,,,110024422793
4266,15139NTDST1155A,MID-AMERICA PACKAGING,1155 ALLEGHENY AVE,OAKMONT,ALLEGHENY,42003,PA,15139,3,1,MID-AMERICA PACKAGING,1155 ALLEGHENY AVE,OAKMONT,PA,,,15139,C,,,148336977,GAYLORD CONTAINER CORP,403143,795015,40.528611,79.8375,150,UN,UN,1,U,1010,0,MARK HARRIS,4128283905,,,,,110001221231
4267,15139TRNGL931TH,GLOBAL CIRCUITS INC.,931 3RD ST,OAKMONT,ALLEGHENY,42003,PA,15139,3,0,GLOBAL CIRCUITS INC.,931 3RD ST,OAKMONT,PA,,,15139,C,,,,MBG TECHNOLOGIES INC.,403137,795033,40.526389,79.843056,150,UN,UN,1,U,1010,0,JAMES R CLARK,4128285322,,JCLARK@GLOBALCIRCUITS.COM,,MBG TECHNOLOGIES INC,110000329396
4268,1513WBPNCM149NB,BPI INC-MCKEES ROCKS PA PLANT,149 NICHOL AVE,MC KEES ROCKS,ALLEGHENY,42003,PA,15136,3,1,BPI INC-MCKEES ROCKS PA PLANT,BPI INC,PITTSBURGH,PA,,,15221,C,,,074623968,BPI INC (BY PRODUCT INDUSTRIES INC),0,0,,,,,,,,,0,JOE QUIGLEY,4123718554,,JOEQ@BPIMINERALS.COM,,BPI INC (BY PRODUCT INDUSTRIES INC),110063667884
4269,1513WBRNNT185AB,BRENNTAG NORTHEAST OAKMONT FACILITY,1085 ALLEGHENY AVE,OAKMONT,ALLEGHENY,42003,PA,15139,3,0,BRENNTAG NORTHEAST OAKMONT FACILITY,81 W. HULLER LANE,READING,PA,,,19605,C,,,092963644,BRENNTAG N.A. INC,,,,,,,,,,,0,RICHARD STANLEY,6109169369,,RSTANLEY@BRENNTAG.COM,,,110070595916
4270,1513WJBBLN18NIC,PVS NOLWOOD CHEMICALS INC,180 NICHOL AVE,MC KEES ROCKS,ALLEGHENY,42003,PA,15136,3,0,PVS NOLWOOD CHEMICALS INC,180 NICHOL AVE,MC KEES ROCKS,PA,,,15136,C,,,004912309,PVS CHEMICALS INC,,,,,,,,,,,0,STEVEN CRETSINGER,3132720993,2518,SCRETSINGER@PVSCHEMICALS.COM,,PVS CHEMICALS INC,110069232351
4271,1513WMCKSP314TH,DB PIPE LLC,301 4TH AVE,MCKEESPORT,ALLEGHENY,42003,PA,15132,3,0,DB PIPE LLC,5790 KENNEDY AVE,EXPORT,PA,,,15632,C,,,,,0,0,,,,,,,,,0,ZACHARY DREW,7243874321,,ZACH.DREW@DURA-BOND.COM,,,110043593956
4272,1513WPVSNLNICHL,PVS NOLWOOD CHEMICALS INC,148 NICHOL AVE - MRIE BLDG 162/163/164,MC KEES ROCKS,ALLEGHENY,42003,PA,15136,3,0,PVS NOLWOOD CHEMICALS INC,148 NICHOL AVE - MRIE BLDG 162/163/164,MC KEES ROCKS,PA,,,15136,C,,,004912309,PVS CHEMICALS INC,,,,,,,,,,,0,DICK O'NEIL,4122925592,,DONEIL@PVSCHEMICALS.COM,,PVS CHEMICALS INC,110064851003
4273,15143STRLN9OHIO,STERLING GROUP,9 OHIO RIVER BLVD,SEWICKLEY,ALLEGHENY,42003,PA,151432199,3,0,STERLING GROUP,109 ACCORD PARK DR.,NORWELL,MA,,,02061,C,,,049881956,NU-BRITE CHEMICAL CO,403130,800930,40.525,80.158333,150,UN,UN,1,U,1010,0,SAMNMY DALVA,5144427923,,,,,110001204857
4274,15144PPGND125CO,PPG INDUSTRIESINC-SPRINGDALE COMPLEX,125 COLFAX ST,SPRINGDALE,ALLEGHENY,42003,PA,15144,3,0,PPG INDUSTRIESINC-SPRINGDALE COMPLEX,125 COLFAX ST,SPRINGDALE,PA,,,15144,C,,,001344803,PPG INDUSTRIES INC,403146,794709,40.529444,79.785833,500,UN,UN,1,U,1010,0,LUKE MACE,7242743845,,LMACE@PPG.COM,,PPG INDUSTRIES INC,110000329403
4275,15144PPGND151CO,PPG INDUSTRIES INC RESEARCH & DEVELOPMENT CENTER,151 COLFAX ST,SPRINGDALE,ALLEGHENY,42003,PA,15144,3,0,PPG INDUSTRIES INC RESEARCH & DEVELOPMENT CENTER,151 COLFAX ST,SPRINGDALE,PA,,,15144,C,,,001344803,PPG INDUSTRIES INC,403146,794709,40.529444,79.785833,500,UN,UN,1,U,1010,0,LAWRENCE J. CORRIGAN,4122743574,,,,,110000618074
4276,15145LRLMN1210A,LAUREL MOUNTAIN WHIRLPOOLS IN C,1210 AIRBRAKE AVE,TURTLE CREEK,ALLEGHENY,42003,PA,15145,3,0,LAUREL MOUNTAIN WHIRLPOOLS IN C,1210 AIRBRAKE AVE,TURTLE CREEK,PA,,,15145,C,,,,,402430,794856,40.408333,79.815556,99999,UN,UN,U,U,0000,0,DAVID BAKER,4128292540,,DBAKER@LAURELMOUNTAINWHIRLPOOLS.COM,,,110000329412
4277,15145NXTCH300BR,STEEL DYNAMICS INC. - TECHS DIV - NEXTECH PLANT,300 BRADDOCK AVE,TURTLE CREEK,ALLEGHENY,42003,PA,15145,3,0,STEEL DYNAMICS INC. - TECHS DIV - NEXTECH PLANT,300 BRADDOCK AVE,TURTLE CREEK,PA,,,15145,C,,,808202725,STEEL DYNAMICS INC,402413,794956,,,,,,,,,0,JULIE MATICS,4123684800,,JULIE.MATICS@STEELDYNAMICS.COM,,STEEL DYNAMICS INC,110000819348
4278,15145STLDN200BR,HOLTEC MANUFACTURING,200 BRADDOCK AVE,TURTLE CREEK,ALLEGHENY,42003,PA,15145,3,0,HOLTEC MANUFACTURING,200 BRADDOCK AVE,TURTLE CREEK,PA,,,15145,C,,,175537810,HOLTEC INTERNATIONAL,402347,795004,,,,,,,,,0,RICK ROTHRAUFF,4128233773,,RROTHRAUFF@HOLTECMFG.COM,,HOLTEC INTERNATIONAL,110028054272
4279,15146CMPNT2000E,COMPUNETICS INC.,700 SECO RD,MONROEVILLE,ALLEGHENY,42003,PA,15146,3,0,COMPUNETICS INC.,700 SECO RD,MONROEVILLE,PA,,,15146,C,,,,,402648,794523,40.447188,79.757708,150,A1,PG,1,J,1000,0,ADEODATO VIGANO,4125123493,,AVIGANO@COMPUNETICS.COM,,,110000841858
4280,15146CMPNT2420M,COMPUNETIX INC,2420 MOSSIDE BLVD,MONROEVILLE,ALLEGHENY,42003,PA,15146,3,0,COMPUNETIX INC,2420 MOSSIDE BLVD,MONROEVILLE,PA,,,15146,C,,,,,402508,794525,,,,,,,,,0,ALFRED J. NATIVIO III,4128586299,,ANATIVIO@COMPUNETIX.COM,,,110012708427
4281,15146PPGND440CO,PPG INDUSTRIES INC,440 COLLEGE PARK DR,MONROEVILLE,ALLEGHENY,42003,PA,15146,3,0,PPG INDUSTRIES INC,440 COLLEGE PARK DR,MONROEVILLE,PA,,,15146,C,,,001344803,PPG INDUSTRIES INC,402640,794305,,,,,,,,,0,MELISSA GERHART,7243255283,,GERHART@PPG.COM,,PPG INDUSTRIES INC,110000329421
4282,15147FFVLN1297E,AFFIVAL INC,1967 EASTERN AVE,VERONA,ALLEGHENY,42003,PA,15147,3,0,AFFIVAL INC,1967 EASTERN AVE,VERONA,PA,,,15147,C,,,145881806,OPTA (USA),403101,794847,,,,,,,,,0,ED HILLIARD,7245588428,1318,EHILLIARD@OPTAGROUPLLC.COM,,OPTA (USA),110024422800
4283,15147HSKLL231HA,HASKELL SENATOR INTERNATIONAL,231 HASKELL LN,VERONA,ALLEGHENY,42003,PA,151473904,3,0,HASKELL SENATOR INTERNATIONAL,231 HASKELL LN,VERONA,PA,,,15147-3904,C,,,004318838,HASKELL SENATOR INTERNATIONAL,403110,794840,40.519444,79.811111,150,UN,UN,1,U,1010,0,RICK PRESSLEY,4128286000,,,,,110000329430
4284,15147PNNXPEASTE,PENNEX LABS INC,1 PENNEX DR,VERONA,ALLEGHENY,42003,PA,151473998,3,0,PENNEX LABS. INC.,851 BROKEN SOUND N.W.,BOCA RATON,FL,,,33487-3625,C,,,092834233,REXALL SUNDOWN INC,403100,794900,40.5253,79.8544,500,I1,UN,1,J,1000,0,HENRY ROSEN,4128282900,,,,,110001205035
4285,15147RBRYNRIVER,ROBROY INDUSTRIES,RIVER RD,VERONA,ALLEGHENY,42003,PA,15147,3,0,ROBROY INDS.,"3065 E. WATER ST., P.O. BOX 709",FREMONT,IN,,,46737,C,,,,ROBROY INDS,402842,795040,40.5113,79.844,500,I1,UN,1,J,1000,0,BRUCE SKIBINSKI,2194959815,,,,,110007029857
4286,15148GRPHC212FI,GRAPHIC CONTROLS CORP,212 5TH ST,WILMERDING,ALLEGHENY,42003,PA,151481097,3,1,GRAPHIC CONTROLS CORP,212 5TH ST,WILMERDING,PA,,,15148-1097,C,,,002111896,GRAPHIC CONTROLS CORP,402420,794900,40.405556,79.816667,150,UN,UN,1,U,1010,0,MAY RANDAZZO,7168537500,,,,,110001204394
4287,15148LLGHN999AI,ALLEGHENY PETROLEUM PRODUCTS CO,999 AIRBRAKE AVE,WILMERDING,ALLEGHENY,42003,PA,15148,3,0,ALLEGHENY PETROLEUM PRODUCTS CO,999 AIRBRAKE AVE,WILMERDING,PA,,,15148,C,,,,ALLEGHENY PETROLEUM PRODUCTS CO,402348,794849,,,,,,,,,0,GERALD HAWK,4128291990,,GHAWK@OILS.COM,,ALLEGHENY PETROLEUM PRODUCTS CO,110001138616
4288,15148WSTNG1000A,WESTINGHOUSE AIR BRAKE DIV,1000 AIR BRAKE AVE,WILMERDING,ALLEGHENY,42003,PA,151480001,3,0,WESTINGHOUSE AIR BRAKE DIV,1000 AIR BRAKE AVE,WILMERDING,PA,,,15148-0001,C,,,001344621,AMERICAN STANDARD COS INC,402350,794848,40.397222,79.813333,11000,UN,UN,1,U,1000,0,TODD R. SHINGLETON,4128251609,,,,,110001121394
4289,1514WNKRND938LA,ANKER INDUSTRIES,938 LARIMER AVE,TURTLE CREEK,ALLEGHENY,42003,PA,15145,3,0,ANKER INDUSTRIES,938 LARIMER AVE,TURTLE CREEK,PA,,,15145,C,,,145881806,OPTA (USA),,,,,,,,,,,0,MARK RHOADS,3379365316,,MRHOADS@OPTAINC.COM,,,110007214488
4290,1514WTHLNC1SHER,NORTHEAST PAVING SPRINGDALE PLANT,1000 SHEROSKY WAY,SPRINGDALE,ALLEGHENY,42003,PA,15144,3,0,NORTHEAST PAVING SPRINGDALE PLANT,290 BILMAR DRIVE,PITTSBURGH,PA,,,15205,C,,,116894157,EUROVIA ATLANTIC COAST LLC,,,,,,,,,,,0,MICHAEL CUILIK,7032300850,,MICHAEL.CUILIK@EUROVIA.US,,EUROVIA ATLANTIC COAST LLC,110067129930
4291,15201BRBRSNEMCC,BARBER SPRING,ONE MCCANDLESS AVE,PITTSBURGH,ALLEGHENY,42003,PA,15201,3,0,BARBER SPRING,ONE MCCANDLESS AVE,PITTSBURGH,PA,,,15201,C,,,05-540-37,WABTEC CORP,402901,795717,,,,,,,,,0,DAVID JABLONOWSKI,4127827316,,DJABLONOWSKI@WABTEC.COM,,WABTEC CORP,110022522297
4292,15201CYTMP31STS,PITTSBURGH FLATROLL CO,31ST ST & AVRR,PITTSBURGH,ALLEGHENY,42003,PA,15201,3,0,PITTSBURGH FLATROLL CO,31ST ST & AVRR,PITTSBURGH,PA,,,15201,C,,,108904855,FARRELL & CO,402741,795804,40.461389,79.967778,11000,UN,UN,1,U,1000,0,MATT GRANDINETTE,7249413500,,,,,110011577784
4293,15201MBDTC5637B,EM-BED-IT & CO. INC.,5637 BUTLER ST,PITTSBURGH,ALLEGHENY,42003,PA,15201,3,0,EM-BED-IT & CO. INC.,5637 BUTLER ST,PITTSBURGH,PA,,,15201,C,,,,,402906,795649,,,,,,,,,0,STEPHEN J. SOBINA,4127818585,,SJS@EMBEDITINC.COM,,,110000329449
4294,15201MBDTN4717B,EM-BED-IT & CO INC,4717 BUTLER ST,PITTSBURGH,ALLEGHENY,42003,PA,15201,3,1,EM-BED-IT & CO INC,4717 BUTLER ST,PITTSBURGH,PA,,,15201,C,,,,,402830,795730,40.475,79.958333,150,UN,UN,1,U,1010,0,JOHN A PRIZZUTO,4126214260,,,,,110069727898
4295,15201MCCNW10948,MCCONWAY & TORLEY LLC PLT 1801,109 48TH ST,PITTSBURGH,ALLEGHENY,42003,PA,15201,3,0,MCCONWAY & TORLEY LLC PLT 1801,109 48TH ST,PITTSBURGH,PA,,,15201,C,,,,FERROWORKS LLC,402844,795751,40.478889,79.964167,150,UN,UN,1,U,1010,0,DANIEL PETRUNAK,4126881538,21538,DANIEL.PETRUNAK@ARCOSA.COM,,,110000329458
4296,15201MTRCL32NDS,MOTOR COILS MANUFFACTURING CO,32ND ST & AVRR,PITTSBURGH,ALLEGHENY,42003,PA,15201,3,0,MOTOR COILS MANUFACTURING CO,1200 REEDSDALE ST,PITTSBURGH,PA,,,15233,C,,,859875437,MK RAIL CORP,402741,795804,40.461389,79.967778,11000,UN,UN,1,U,1000,0,RON MOCZYGEMBA,2083894865,,,,,110002470594
4297,15201PNNZL54THS,PENNZOIL-QUAKER STATE CO PITTSBURGH TERMINAL,54TH ST & AVRR,PITTSBURGH,ALLEGHENY,42003,PA,15201,3,0,PENNZOIL-QUAKER STATE CO PITTSBURGH TERMINAL,54TH ST & AVRR,PITTSBURGH,PA,,,15201,C,,,161809744,PENNZOIL-QUAKER STATE CO,402904,795715,,,,,,,,,0,,,,,,,110017832363
4298,15201PRSSR3419S,PRESSURE CHEMICAL CO,3419 SMALLMAN ST,PITTSBURGH,ALLEGHENY,42003,PA,15201,3,0,PRESSURE CHEMICAL CO,3419 SMALLMAN ST,PITTSBURGH,PA,,,15201,C,,,,PRESSUREKEM,402750,795808,40.463889,79.968889,150,UN,UN,1,U,1010,0,STEPHEN J. SMITH,4126825882,,SSMITH@PRESSCHEM.COM,,PRESSUREKEM,110000329467
4299,15201PTTSB3340L,PITTSBURGH BREWING CO,3340 LIBERTY AVE,PITTSBURGH,ALLEGHENY,42003,PA,15201,3,0,PITTSBURGH BREWING CO,3340 LIBERTY AVE,PITTSBURGH,PA,,,15201,C,,,,KEYSTONE BREWERS INC,402700,801130,40.4617,79.967121,150,A1,PG,1,J,1000,0,KEVIN MORGAN,4126921175,,,,,110001134068
4300,15201SHRCH2917S,SHORE CORP,2917 SPRUCE WAY,PITTSBURGH,ALLEGHENY,42003,PA,15201,3,0,SHORE CORP,"2305 DUSS AVENUE, SUITE 3",AMBRIDGE,PA,,,15003,C,,,808546600,SHORE CORP,402733,795830,,,,,,,,,0,STUART G. HAMMERSCHMIDT,4124713330,,SHAMMERSCHMIDT@SHORECORPORATION.COM,,SHORE CORP,110000329476
4301,15201SNCNC5733B,SUNOCO PARTNERS MARKETING & TERMINALS L. P. PITTSBURGH TERM,5733 BUTLER ST,PITTSBURGH,ALLEGHENY,42003,PA,15201,3,0,RON O'TOOLE,5733 BUTLER ST,PITTSBURGH,PA,,,15201,C,,,064717981,SUNOCO PARTNERS MARKETING & TERMINALS LP,403000,795900,,,,,,,,,0,RON O'TOOLE,4127843472,,,,,110064194107
4302,15201XXNCM34THS,EXXON CO USA PITTSBURGH PLANT,100 35TH ST,PITTSBURGH,ALLEGHENY,42003,PA,15201,3,0,EXXON CO. USA,1031 MIDDLESEX ST.,GIBSONIA,PA,,,15044,C,,,001213214,EXXON CORP,402752,795814,40.46,79.971944,11000,UN,UN,1,U,1000,0,RICHARD J. CIERI,7244491320,,,,,110000329485
4303,15202GSMTH100WA,SMITH STEELITE,WILLIAMS ST,PITTSBURGH,ALLEGHENY,42003,PA,15202,3,0,SMITH STEELITE,1005 BEAVER GRADE RD.,MOON,PA,,,15108,C,,,,,403024,800524,40.506667,80.09,11000,UN,UN,1,U,1000,0,WILLIAM K. SHADLE,4122998167,,,,,110006521451
4304,15202HKNCN2150R,BALL METAL FOOD CONTAINER CORP,2150 ROSWELL DR,PITTSBURGH,ALLEGHENY,42003,PA,15205,3,0,BALL METAL FOOD CONTAINER CORP.,P.O. BOX 589,BROOMFIELD,CO,,,80038-0589,C,,,006419147,BALL CORP,402634,800453,40.442778,80.081389,150,UN,UN,1,U,1010,0,SCOTT MCCARTY,7657476175,,,,,110004835420
4305,15202PTTSB1HERR,PITTSBURGH INDL PLATING,1 HERRON AVE,PITTSBURGH,ALLEGHENY,42003,PA,15202,3,0,WHEATLAND TUBE CO.,1 COUNCIL AVE.,WHEATLAND,PA,,,16161-0608,C,,,007913981,JOHN MANEELY CO,403000,803000,40.5,80.5,99999,UN,UN,U,U,0000,0,ARTHUR HALL,7243426851,,,,,110001210706
4306,15202SCHFF21HER,SCHAFFNER MFG CO,21 HERRON AVE,PITTSBURGH,ALLEGHENY,42003,PA,15202,3,0,SCHAFFNER MFG CO,21 HERRON AVE,PITTSBURGH,PA,,,15202,C,,,,,403015,800518,40.504167,80.088333,11000,UN,UN,1,U,1000,0,GUS J. SCHAFFNER III,4127619902,,,,,110002095189
4307,15203QLTYR1101M,SUPERIOR FORGE & STEEL CORP,1101 MURIEL ST,PITTSBURGH,ALLEGHENY,42003,PA,15203,3,0,SUPERIOR FORGE & STEEL CORP,1101 MURIEL ST,PITTSBURGH,PA,,,15203,C,,,,SUPERIOR FORGE & STEEL CORP,402549,795914,40.4302,79.987298,150,A1,PG,1,J,1000,0,ROBERT E. DICKS JR.,4124318250,329,BOBBYD@SFSROLLS.COM,,SUPERIOR FORGE & STEEL CORP,110056123083
4308,15203SMLBN88SOU,BINGHAM CO,88 S 13TH ST,PITTSBURGH,ALLEGHENY,42003,PA,15203,3,0,BINGHAM CO.,"RTE. 119N, P.O. BOX 436",BLACK LICK,PA,,,15716,C,,,005163696,BINGHAM CO,402612,8e+05,40.436667,80,150,UN,UN,1,U,1010,0,ROBERT ANTONOVICH,4122481210,,,,,110001134004
4309,15204FRRCR60GRE,FERRO CORP COLOR DIV,60 GREENWAY DR,PITTSBURGH,ALLEGHENY,42003,PA,152042599,3,0,FERRO CORP COLOR DIV,60 GREENWAY DR,PITTSBURGH,PA,,,15204-2599,C,,,004161477,FERRO CORP,402659,800211,40.4514,80.0514,150,A1,PG,1,J,1000,0,JIM QUINN,2168756117,,,,,110000329519
4310,15204PRTTSTABOR,PRUETT-SCHAFFER CHEMICAL CO INC.,3327 STAFFORD ST,PITTSBURGH,ALLEGHENY,42003,PA,15204,3,0,PRUETT-SCHAFFER CHEMICAL CO INC.,3327 STAFFORD ST,PITTSBURGH,PA,,,15204,C,,,,,402746,800310,40.462778,80.052778,600,UN,UN,1,U,1010,0,WILLIAM COYLE,4127712000,,WILL@PRUETT-SCHAFFER.COM,,PRUETT-SCHAFFER CHEMICAL CO INC,110000329528
4311,15205BRDNN650MA,BORDEN INC DAIRY,650 MANSFIELD AVE,PITTSBURGH,ALLEGHENY,42003,PA,15205,3,1,BORDEN INC DAIRY,650 MANSFIELD AVE,PITTSBURGH,PA,,,15205,C,,,001338797,BORDEN INC,402300,800600,40.4381,80.0937,11000,Z1,UN,1,U,0000,0,EUGENE J DISCHNER,4129285421,,,,,110002095198
4312,15205CRCBL6003C,CRUCIBLE RESEARCH,6003 CAMPBELLS RUN RD,PITTSBURGH,ALLEGHENY,42003,PA,152051022,3,0,CRUCIBLE RESEARCH,6003 CAMPBELLS RUN RD,PITTSBURGH,PA,,,15205-1022,C,,,118508878,CRUCIBLE MATERIALS CORP,402650,800941,,,,,,,,,0,BLAIR SHAFFER,4129232955,,,,,110001040374
4313,15205FSHRS1610P,FISHER SCIENTIFIC CO LLC ELECTROCHEMISTRY OPS,1610 PKY VIEW DR,PITTSBURGH,ALLEGHENY,42003,PA,15205,3,0,FISHER SCIENTIFIC CO LLC ELECTROCHEMISTRY OPS,1610 PKY VIEW DR,PITTSBURGH,PA,,,15205,C,,,004321519,FISHER SCIENTIFIC CO LLC,452552,800801,,,,,,,,,0,THOMAS TISA,4124908928,,,,,110004877848
4314,15205LLMRC4590C,ALL AMERICAN GOURMET CO,4590 CAMPBELLS RUN RD,PITTSBURGH,ALLEGHENY,42003,PA,15205,3,0,ALL AMERICAN GOURMET CO,4590 CAMPBELLS RUN RD,PITTSBURGH,PA,,,15205,C,,,144628310,PHILIP MORRIS COS INC,402414,800558,40.425539,80.118831,150,A1,PG,1,J,1000,0,MAGNESS WELSH,3129982796,,,,,110002308930
4315,15206NBSCB6425P,NABISCO BISCUIT CO,6425 PENN AVE,PITTSBURGH,ALLEGHENY,42003,PA,15206,3,0,NABISCO INC.,200 DEFOREST AVE. ATTN. ENV. AFFAIRS & SAFETY,EAST HANOVER,NJ,,,07936-1944,C,,,101241107,NABISCO INC,402725,795458,40.456944,79.916111,150,UN,UN,1,U,1010,0,HENRY SANDBACH,2016827098,,,,,110039009408
4316,15207GLVTC300MI,STEEL DYNAMICS INC. - TECHS DIV - GALVTECH PLANT,300 MIFFLIN RD,PITTSBURGH,ALLEGHENY,42003,PA,15207,3,0,STEEL DYNAMICS INC. - TECHS DIV - GALVTECH PLANT,300 MIFFLIN RD,PITTSBURGH,PA,,,15207,C,,,808202725,STEEL DYNAMICS INC,402318,795554,,,,,,,,,0,FRED SPANNUTH,4123684800,,FRED.SPANNUTH@STEELDYNAMICS.COM,,STEEL DYNAMICS INC,110017384016
4317,15207PTTSB4650S,LTV STEEL COMPANY INC PITTSBURGH WORKS,4650 SECOND AVENUE,PITTSBURGH,ALLEGHENY,42003,PA,15207,3,0,LTV STEEL COMPANY INC PITTSBURGH WORKS,4650 SECOND AVENUE,PITTSBURGH,PA,,,15207,C,,,112594213,LTV STEEL CO INC,402445,795646,40.4125,79.946111,150,UN,UN,1,U,1010,0,JIM KASTNER,4122275365,,,,,110000329546
4318,15208BCKRN6905S,BECK/ARNLEY WORLD PARTS CORP,6905 SUSQUEHANNA ST,PITTSBURGH,ALLEGHENY,42003,PA,15208,3,0,BECK/ARNLEY WORLD PARTS CORP,6905 SUSQUEHANNA ST,PITTSBURGH,PA,,,15208,C,,,001168046,ECHLIN INC,402721,795420,40.455833,79.905556,150,UN,UN,1,U,1010,0,FRED HOFFMAN,4123614400,,,,,110001054153
4319,15208HCHST218NB,HOECHSTETTER PRINTING,218 N BRADDOCK AVE,PITTSBURGH,ALLEGHENY,42003,PA,15208,3,0,HOECHSTETTER PRINTING,218 N BRADDOCK AVE,PITTSBURGH,PA,,,15208,C,,,,MOORE WALLACE INC,402651,795337,,,,,,,,,0,JAKE ZOLLER,4122418200,,,,,110001023507
4320,1520WLFRGC161CH,LAFARGE RMX,1601 CHARTIERS VALLEY LN,PITTSBURGH,ALLEGHENY,42003,PA,15205,3,0,LAFARGE RMX,PO BOX 44109,PITTSBURGH,PA,,,15205,C,,,,LAFARGEHOLCIM NA INC,0,0,,,,,,,,,0,"ALLYSON ZURAWSKI, PE",7162435612,,ALLYSON.ZURAWSKI@LAFARGEHOLCIM.COM,,AGGREGATE INDUSTRIES MANAGEMENT INC,110060131539
4321,1520WNDSTR1LIFE,INDUSTRIAL SCIENTIFIC,1 LIFE WAY,PITTSBURGH,ALLEGHENY,42003,PA,15205,3,0,INDUSTRIAL SCIENTIFIC,1 LIFE WAY,PITTSBURGH,PA,,,15205,C,,,,,,,,,,,,,,,0,DARRIN BACHY,4124901802,,PRDDEB@INDSCI.COM,,,110064457467
4322,1520WQNNRG3239T,AQUION ENERGY INC,32 39TH ST,PITTSBURGH,ALLEGHENY,42003,PA,15201,3,0,AQUION ENERGY INC,32 39TH ST,PITTSBURGH,PA,,,15201,C,,,,AQUION ENERGY INC.,,,,,,,,,,,0,MR. RICH WALKER,7246135347,,RWALKER@AQUION-ENERGY.COM,,AQUION ENERGY INC,110043453312
4323,15212HNZSX1062P,BAY VALLEY FOODS LLC,1080 RIVER AVE,PITTSBURGH,ALLEGHENY,42003,PA,15212,3,0,BAY VALLEY FOODS LLC,1080 RIVER AVE,PITTSBURGH,PA,,,15212,C,,,159881619,TREE HOUSE FOODS INC,402714,795930,40.454722,79.991944,600,UN,UN,1,U,1010,0,SAME,4124426920,,,,TREE HOUSE FOODS INC,110000329555
4324,15215HNRYMALIST,HENRY MILLER SPRING & MFG CO,ALI ST,SHARPSBURG,ALLEGHENY,42003,PA,15215,3,0,HENRY MILLER SPRING & MFG CO,ALI ST,SHARPSBURG,PA,,,15215,C,,,055403752,STANDARD CAR TRUCK,402951,795600,,,,,,,,,0,DAVID J. JABLONOWSKI,4127820700,,,,,110000772824
4325,15215NTLTR1700S,NATIONAL TORCH TIP INC WELDIT BLDG,1700 S CANAL ST,PITTSBURGH,ALLEGHENY,42003,PA,152152640,3,1,"NATIONAL TORCH TIP, WELDIT BLDG.",50 FREEPORT RD.,PITTSBURGH,PA,,,15215-2973,C,,,015588510,ARCSMITH INC,402948,795533,40.496667,79.925833,11000,UN,UN,1,U,1000,0,"LANE L. LISTON, JR.",4127814200,,,,,110000867492
4326,15215NTNLT50FRE,NATIONAL TORCH TIP INC,50 FREEPORT RD,PITTSBURGH,ALLEGHENY,42003,PA,152152973,3,0,ILLINOIS TOOL WORKS INC.,3600 W. LAKE AVE.,GLENVIEW,IL,,,60025,C,,,005146428,ILLINOIS TOOL WORKS INC,402929,795433,40.491389,79.909167,11000,UN,UN,1,U,1000,0,KENNETH A. BROWN,8476574843,,,,,110000329564
4327,15215NTWLD1600S,NATIONAL TORCH TIP INC NATIONAL WELDING ALLOYS INC DIV,1600 S CANAL ST,PITTSBURGH,ALLEGHENY,42003,PA,152152640,3,0,MILLER ELECTRIC MANUFACTURING CO.,P.O. BOX 1079,APPLETON,WI,,,54912-1079,C,,,005146428,ILLINOIS TOOL WORKS INC,402948,795533,40.496667,79.925833,11000,UN,UN,1,U,1000,0,,,,,,,110000740057
4328,15215PRTNP1NORT,PURITAN PAINT & OIL CO,#1 N MAIN ST,PITTSBURGH,ALLEGHENY,42003,PA,152152016,3,0,PURITAN PAINT & OIL CO,#1 N MAIN ST,PITTSBURGH,PA,,,15215-2016,C,,,,,402940,795630,40.494444,79.941667,150,UN,UN,1,U,1010,0,ANTHONY J. ISACCO II,4127840822,,,,,110002095205
4329,15215RMSTR16THM,ARMSTRONG STORE FIXTURE CORP,16TH & MARY'S AVE,PITTSBURGH,ALLEGHENY,42003,PA,15215,3,0,ARMSTRONG STORE FIXTURE CORP,16TH & MARY'S AVE,PITTSBURGH,PA,,,15215,C,,,,,402945,795530,40.495833,79.925,11000,UN,UN,1,U,1000,0,KEVIN J HENRY,4127843100,,,,,110002470095
4330,15217KPPRSMILLE,REICHHOLD INC,1000 PRESTO-SYGAN RD,BRIDGEVILLE,ALLEGHENY,42003,PA,15017,3,0,REICHHOLD INC,1000 PRESTO-SYGAN RD,BRIDGEVILLE,PA,,,15017,C,,,,,402135,800730,40.359722,80.125,600,UN,UN,1,U,1010,0,BRUCE E. MCCALL,8504337621,,,,,110000329573
4331,15218KPPGL2108P,KOPP GLASS INC,2108 PALMER ST,PITTSBURGH,ALLEGHENY,42003,PA,15218,3,0,KOPP GLASS INC,2108 PALMER ST,PITTSBURGH,PA,,,15218,C,,,,,402518,795312,40.421667,79.886667,150,UN,UN,1,U,1010,0,GARY MARECIC,4125010222,,GMARECIC@KOPPGLASS.COM,,,110004835581
4332,15220MTHWS110SO,MATHEWS MARBLE MANUFACTURING,110 S MAIN ST,PITTSBURGH,ALLEGHENY,42003,PA,15220,3,0,MATHEWS MARBLE MFG.,"580 MAYER ST., BLDG. 7",BRIDGEVILLE,PA,,,15017,C,,,,,402627,800205,40.440833,80.034722,150,UN,UN,1,U,1010,0,C.E. CLEMENT,4122579522,,,,,110001207907
4333,15220NVRSL1000S,UNIVERSAL AUTO RADIATOR MANUFACTURING CO,1000 SAW MILL RUN BLVD,PITTSBURGH,ALLEGHENY,42003,PA,152206246,3,0,UNIVERSAL AUTO RADIATOR MFG. CO.,P.O BOX 16246,PITTSBURGH,PA,,,15220-6246,C,,,,,402529,800141,40.424722,80.028056,150,UN,UN,1,U,1010,0,DAVID RICHARDSON,4124819440,,,,,110000329608
4334,15219MTLTC2400S,STEEL DYNAMICS INC. - TECHS DIV - METALTECH PLANT,2400 2ND AVE,PITTSBURGH,ALLEGHENY,42003,PA,15219,3,0,STEEL DYNAMICS INC. - TECHS DIV - METALTECH PLANT,2400 2ND AVE,PITTSBURGH,PA,,,15219,C,,,808202725,STEEL DYNAMICS INC,402606,795812,,,,,,,,,0,DARIN BALL,4123684800,4868,DARIN.BALL@STEELDYNAMICS.COM,,STEEL DYNAMICS INC,110041625462
4335,15222WCDMN2816S,A W CADMAN MFG CO,2816 SMALLMAN ST,PITTSBURGH,ALLEGHENY,42003,PA,152224791,3,1,A W CADMAN MFG CO,2816 SMALLMAN ST,PITTSBURGH,PA,,,15222-4791,C,,,,,402728,795834,40.457778,79.976111,150,UN,UN,1,U,1010,0,ALEXANDER WHITNEY CADMAN,4122816683,,,,,110001220884
4336,15224BRNGS500DA,BEARING SERVICE CO,500 DARGAN ST,PITTSBURGH,ALLEGHENY,42003,PA,15224,3,0,BEARING SERVICE CO,500 DARGAN ST,PITTSBURGH,PA,,,15224,C,,,,,402741,795719,40.461389,79.955278,150,UN,UN,1,U,1010,0,MICHAEL F BARCHESKI,4126217300,,,,,110001036584
4337,15225CLGNC200NE,CALGON CARBON CORP NEVILLE ISLAND PLANT,200 NEVILLE RD,PITTSBURGH,ALLEGHENY,42003,PA,15225,3,0,CALGON CARBON CORP NEVILLE ISLAND PLANT,200 NEVILLE RD,PITTSBURGH,PA,,,15225,C,,,174708540,KURARAY HOLDINGS USA INC,402902,800443,40.5083,80.1267,150,A1,PG,1,J,1000,0,DAVID MCADAMS,4127876793,,DAVID.MCADAMS@KURARAY.COM,,KURARAY HOLDINGS USA INC,110000329617
4338,15225CLRWT5605G,CLEARWATER INC,5605 GRAND AVE,PITTSBURGH,ALLEGHENY,42003,PA,15225,3,1,CLEARWATER INC,5605 GRAND AVE,PITTSBURGH,PA,,,15225,C,,,,,403037,800748,40.510278,80.13,11000,UN,UN,1,U,1000,0,MARK J WANNER,7243181014,,,,,110000329626
4339,15225GLFLL5050G,GULF OIL LP NEVILLE ISLAND TERMINAL,2620 NEVILLE ROAD,PITTSBURGH,ALLEGHENY,42003,PA,15225,3,0,GULF OIL LP NEVILLE ISLAND TERMINAL,"80 WILLIAM STREET, STE 400",WELLESLEY,MA,,,02481,C,,,147037154,GULF OIL LP,402950,800500,,,,,,,,,0,CHRISTOPHER E. GILL,3399337046,,CGILL@GULFOIL.COM,,GULF OIL LP,110000877052
4340,15225KSMSC200NE,KOSMOS CEMENT CO,200 NEVILLE RD,PITTSBURGH,ALLEGHENY,42003,PA,15225,3,0,KOSMOS CEMENT CO,200 NEVILLE RD,PITTSBURGH,PA,,,15225,C,,,,,402929,800404,40.483333,80.066667,11000,UN,UN,1,U,1000,0,DAN HEINTZ,7136536956,,,,,110001100175
4341,15225NVLLC2800N,NEVILLE CHEMICAL CO,2800 NEVILLE RD,PITTSBURGH,ALLEGHENY,42003,PA,15225,3,0,NEVILLE CHEMICAL CO,2800 NEVILLE RD,PITTSBURGH,PA,,,15225,C,,,,,403010,800557,40.502778,80.099167,150,UN,UN,1,U,1010,0,DANIEL D. KOKOSKI,4127774201,,DKOKOSKI@NEVCHEM.COM,,,110000329644
4342,15225PTTDS3400G,PITT-DESMOINES INC,3400 GRAND AVE,PITTSBURGH,ALLEGHENY,42003,PA,15225,3,0,PITT-DESMOINES INC,3400 GRAND AVE,PITTSBURGH,PA,,,15225,C,,,,,403022,800634,40.506111,80.109444,150,UN,UN,1,U,1010,0,JOHN STOLAR,4123313000,,,,,110001219342
4343,15225RSTCHNEVIL,SUNOCO INC. (R&M) NEVILLE ISLA ND PLANT,200 NEVILLE RD,PITTSBURGH,ALLEGHENY,42003,PA,15225,3,0,SUNOCO INC. (R&M) NEVILLE ISLA ND PLANT,200 NEVILLE RD,PITTSBURGH,PA,,,15225,C,,,057152217,SUNOCO INC,403000,800500,40.5,80.083333,500,UN,UN,1,U,1010,0,GARY RABIK,6108333445,,GPRABIK@SUNOCOINC.COM,,,110071900185
4344,15225SHLND2650N,INEOS COMPOSITES US LLC,2650 NEVILLE RD,PITTSBURGH,ALLEGHENY,42003,PA,15225,3,0,INEOS COMPOSITES US LLC,2650 NEVILLE RD,PITTSBURGH,PA,,,15225,C,,,117765655,INEOS ENTERPRISES US HOLDCO LLC,403000,800500,,,,,,,,,0,KARA LONG,6147909295,,KARA.LONG@ALTAPM.COM,,INEOS ENTERPRISES US HOLDCO LLC,110000329653
4345,15225SHNNG200NE,SHENANGO INC,200 NEVILLE RD,PITTSBURGH,ALLEGHENY,42003,PA,15225,3,1,SHENANGO INC,200 NEVILLE RD,PITTSBURGH,PA,,,15225,C,,,876235490,DTE ENERGY CO,402948,800432,40.5083,80.1267,150,A1,PG,1,J,1000,0,ROBERT SANCH,7343025383,,ROBERT.SANCH@DTEENERGY.COM,,DTE ENERGY CO,110060019769
4346,15225SHNNG3100G,SHENANGO INC NEVILLE ISLAND FNDY DIV,3100 GRAND AVE,PITTSBURGH,ALLEGHENY,42003,PA,15225,3,0,SHENANGO INC NEVILLE ISLAND FNDY DIV,3100 GRAND AVE,PITTSBURGH,PA,,,15225,C,,,153745443,BOGGS CORP,403029,800617,40.508056,80.104722,150,UN,UN,1,U,1010,0,NICHOLAS BUCHKO,4127776655,,,,,110002095214
4347,15225SRMYC39GRA,U. S. ARMY CEKSF - NEVILLE ISLAND MAINTENANCE,3900 GRAND AVE,NEVILLE ISLAND,ALLEGHENY,42003,PA,15225,3,0,U.S. ARMY CHARLES E. KELLY SUPPORT FACILITY,6 LOBAUGH ST.PROJECT OFFICE,OAKDALE,PA,,,15071,F,DOD,,,US DEPARTMENT OF DEFENSE,403035,800645,,,,,,,,,0,GEORGIANN SEKELA,7246931801,,GEORGIANN.SEKELA@DIX.ARMY.MIL,,,110004826653
4348,15225VLCNM4100G,AMG RESOURCES CORP,4100 GRAND AVE,PITTSBURGH,ALLEGHENY,42003,PA,152251516,3,0,AMG RESOURCES CORP,4100 GRAND AVE,PITTSBURGH,PA,,,15225-1516,C,,,185112661,AMG RESOURCES CORP,403037,800703,40.510278,80.1175,150,UN,UN,1,U,1010,0,LOUIS D. DEFABIO,4127777341,,,,,110000329662
4349,15225VLLYP38NEV,VALLEY PROTEINS (PA) INC PITTSBURGH FACILITY,3800 NEVILLE RD,PITTSBURGH,ALLEGHENY,42003,PA,15225,3,0,VALLEY PROTEINS INC,PO BOX 3588,WINCHESTER,VA,,,22604,C,,,,VALLEY PROTEINS (PA) INC,403020,800651,,,,,,,,,0,THOMAS A.  GIBSON JR.,5408772590,,,,,110001210537
4350,15225WTSNSCORNE,WATSON STANDARD CO (NEVILLE ISLAND PLANT),2895 GRAND AVE,PITTSBURGH,ALLEGHENY,42003,PA,15225,3,1,WATSON STANDARD CO (NEVILLE ISLAND PLANT),616 HITE ROAD,HARWICK,PA,,,15049,C,,,004397030,WATSON INDUSTRIES INC,403013,800607,40.503889,80.102222,11000,UN,UN,1,U,1000,0,WATSON STANDARD,7242751000,,PVOLCHKO@WATSONSTANDARD.COM,,WATSON INDUSTRIES INC,110000329671
4351,15225XXNNV2760N,EXXONMOBIL CORP NEVILLE ISLAND TERMINAL,2760 NEVILLE RD,PITTSBURGH,ALLEGHENY,42003,PA,15225,3,0,EXXONMOBIL CORP NEVILLE ISLAND TERMINAL,2760 NEVILLE RD,PITTSBURGH,PA,,,15225,C,,,001213214,EXXONMOBIL CORP,403007,800547,,,,,,,,,0,ROBERT FROST,4127783578,,,,,110000329680
4352,15226MTTHW1211W,MATTHEWS INTERNATIONAL CORP,1211 W LIBERTY AVE,PITTSBURGH,ALLEGHENY,42003,PA,15226,3,0,MATTHEWS INTERNATIONAL CORP,1211 W LIBERTY AVE,PITTSBURGH,PA,,,15226,C,,,,,400300,800200,40.404167,80.011111,11000,UN,UN,1,U,1000,0,CHRISTIAN S. SPATARO,4127882111,,,,,110002341421
4353,1523WCHSCR21ZET,CHASE CORP - PITTSBURGH,201 ZETA DRIVE,PITTSBURGH,ALLEGHENY,42003,PA,15238,3,0,CHASE CORP - PITTSBURGH,201 ZETA DRIVE,PITTSBURGH,PA,,,15238,C,,,001359769,CHASE CORP,,,,,,,,,,,0,SHAWN SHORT,8124479977,,SSHORT@CHASECORP.COM,,CHASE CORP,110043693731
4354,1523WLBCHM2WILL,LABCHEM INC,200 WILLIAM PITT WAY,PITTSBURGH,ALLEGHENY,42003,PA,152381328,3,1,LABCHEM INC,200 WILLIAM PITT WAY,PITTSBURGH,PA,,,15238-1328,C,,,,,,,,,,,,,,,0,PATRICK MAHER,4128265230,,PATRICKM@LABCHEM.COM,,LABCHEM INC,110002450160
4355,15321TMZDM100PA,ATOMIZED MATERIALS CO INC,"205 PARKS ROAD,  S FAYETTE TOWNSHIP",MC DONALD,ALLEGHENY,42003,PA,15057,3,0,ATOMIZED MATERIALS CO INC,PO BOX 299 WASHINGTON COUNTY,CECIL,PA,,,153210299,C,,,,,402019,801021,40.338611,80.1725,11000,UN,UN,1,U,1000,0,SAMUEL E. PUGLISI,4122217020,,SEPUGLISI@ATOMIZEDMATERIALS.NET,,,110000329911
4356,15226MTTHW1315W,MATTHEWS INTERNATIONAL CORP,1315 W LIBERTY AVE,PITTSBURGH,ALLEGHENY,42003,PA,15226,3,0,MATTHEWS INTERNATIONAL CORP,1315 W LIBERTY AVE,PITTSBURGH,PA,,,15226,C,,,004341533,MATTHEWS INTERNATIONAL CORP,400300,800200,40.4119,80.010944,600,A2,PG,1,J,1000,0,JUSTIN COLE,4125715500,,JCOLE@MATW.COM,,MATTHEWS INTERNATIONAL CORP,110000329699
4357,15226SMNSN1301S,PENNSYLVANIA ELECTRIC COIL LTD,1301 SAW MILL RUN BLVD,PITTSBURGH,ALLEGHENY,42003,PA,15226,3,0,PENNSYLVANIA ELECTRIC COIL LTD,1301 SAW MILL RUN BLVD,PITTSBURGH,PA,,,15226,C,,,004456836,MONARCH ELECTRIC SERVICE CO,402412,800004,40.40343,80.001415,150,A1,PG,1,J,1000,0,,,,,,,110000329706
4358,1522WVRCHM3499G,LANXESS CORP NEVILLE ISLAND,3499 GRAND AVE,PITTSBURGH,ALLEGHENY,42003,PA,15225,3,0,LANXESS CORP NEVILLE ISLAND,3499 GRAND AVE,PITTSBURGH,PA,,,15225,C,,,145858770,LANXESS CORP,,,,,,,,,,,0,SCOTT LYSKO,4128091183,,SCOTT.LYSKO@LANXESS.COM,,LANXESS CORP,110010616814
4359,15230DLXCH615MC,DELUXE CHECK PRINTERS INC,615 MCMICHAEL RD,PITTSBURGH,ALLEGHENY,42003,PA,152059724,3,0,DELUXE CHECK PRINTERS INC.,P.O. BOX 2852,PITTSBURGH,PA,,,15230-2852,C,,,006148597,DELUXE CORP,402642,800810,40.445,80.136111,150,UN,UN,1,U,1010,0,PHIL GENTRY,4127882105,,,,,110002095223
4360,15233CWNMT2DOER,COWAN METAL FINISHING CO,2 DOERR ST,PITTSBURGH,ALLEGHENY,42003,PA,15233,3,0,COWAN METAL FINISHING CO,2 DOERR ST,PITTSBURGH,PA,,,15233,C,,,,,402813,800220,40.470278,80.038889,150,UN,UN,1,U,1010,0,CARL J. SCHMITT,4127667757,,,,,110000841625
4361,15233DQSNL2101B,DUQUESNE LIGHT CO MANCHESTER FACILITY,2101 BEAVER AVE,PITTSBURGH,ALLEGHENY,42003,PA,15233,3,0,DUQUESNE LIGHT CO MANCHESTER FACILITY,2101 BEAVER AVE,PITTSBURGH,PA,,,15233,C,,,608738464,DUQUESNE LIGHT CO,402739,800200,,,,,,,,,0,EDWARD KAPPLER,4123938806,,,,,110001207881
4362,15233DQSNL2601P,DUQUESNE LIGHT CO PREBLE HEADQUARTERS,2601 PREBLE AVE,PITTSBURGH,ALLEGHENY,42003,PA,15233,3,0,DUQUESNE LIGHT CO PREBLE HEADQUARTERS,2601 PREBLE AVE,PITTSBURGH,PA,,,15233,C,,,608738464,DUQUESNE LIGHT CO,402739,8002000,,,,,,,,,0,EDWARD KAPPLER,4123938806,,,,,110042030502
4363,15233MRCNL1207C,AMERICAN ELECTRONIC,1207 COLUMBUS AVE,PITTSBURGH,ALLEGHENY,42003,PA,15233,3,1,AMERICAN ELECTRONIC,1207 COLUMBUS AVE,PITTSBURGH,PA,,,15233,C,,,007023898,FL IND,402728,800150,40.457778,80.030556,150,UN,UN,1,U,1010,0,HERBERT L. BRADSHAW II,6013425185,,,,,110002095232
4364,15233THVLS2000W,SHERWIN-WILLIAMS CO,2000 WESTHALL ST,PITTSBURGH,ALLEGHENY,42003,PA,15233,3,0,SHERWIN-WILLIAMS CO,2000 WESTHALL ST,PITTSBURGH,PA,,,15233,C,,,004206397,THE SHERWIN-WILLIAMS CO,402820,800235,40.472222,80.043056,150,UN,UN,1,U,1010,0,R. SCOTT THOMAS,2165662182,,RSTHOMAS@SHERWIN.COM,,THE SHERWIN-WILLIAMS CO,110000329715
4365,15233ZMMRM2020K,E.E. ZIMMERMAN CO,2020 KNOTT ST,PITTSBURGH,ALLEGHENY,42003,PA,15233,3,0,E.E. ZIMMERMAN CO,PO BOX 111254,PITTSBURGH,PA,,,15238,C,,,613251131,ZIMMERMAN HOLDING CO,402735,800147,40.459722,80.029722,150,UN,UN,1,U,1010,0,DINA  GODLESKI,4129630949,,,,,110000329724
4366,15234CHLDS901KI,LOZIER-CHILDS INCORPORATED,901 KILLARNEY DRIVE,PITTSBURGH,ALLEGHENY,42003,PA,152342624,3,0,LOZIER-CHILDS INCORPORATED,901 KILLARNEY DRIVE,PITTSBURGH,PA,,,15234-2624,C,,,007259484,LOZIER CORP,402235,800026,40.376389,80.007222,150,UN,UN,1,U,1010,0,TONY MARANDO,4128857300,,,,,110000817858
4367,15236BLMNGHARNI,BLOOM ENGINEERING CO INC,HORNING & CURRY RD,PITTSBURGH,ALLEGHENY,42003,PA,15236,3,0,BLOOM ENGINEERING CO INC,HORNING & CURRY RD,PITTSBURGH,PA,,,15236,C,,,,,402013,795930,40.336944,79.991667,150,UN,UN,1,U,1010,0,DAVID G TODD,4126533500,,,,,110007389833
4368,15238BCHRC625AL,"MEDRAD, INC. HEILMAN CENTER",625 ALPHA DR,PITTSBURGH,ALLEGHENY,42003,PA,15238,3,0,"MEDRAD, INC.",ONE MEDRAD DR,INDIANOLA,PA,,,15051,C,,,093170199,SCHERING BERLIN INC,403019,795227,40.5,79.875,150,UN,UN,1,U,1010,0,LUANNE RADEMACHER,4127672400,,,,,110050463877
4369,15238BLWKNBLAWA,BLAW KNOX CORP BLAW KNOX EQUIPMENT DIV,BLAW AVE,BLAWNOX,ALLEGHENY,42003,PA,15238,3,0,BLAW KNOX CORP BLAW KNOX EQUIPMENT DIV,BLAW AVE,BLAWNOX,PA,,,15238,C,,,139440184,BLAW KNOX CORP,402930,795140,40.491667,79.861111,11000,UN,UN,1,U,1000,0,DAVE VESCHI,4127812700,,,,,110001048296
4370,15238CHSCR128FI,CHASE CORP-PITTSBURGH,128 FIRST ST,PITTSBURGH,ALLEGHENY,42003,PA,15238,3,0,CHASE CORP-PITTSBURGH,128 FIRST ST,PITTSBURGH,PA,,,15238,C,,,001359769,CHASE CORP,402915,795305,40.4875,79.884722,150,UN,UN,1,U,1010,0,SHAWN SHORT,8124479977,,SSHORT@CHASECORP.COM,,CHASE CORP,110000329733
4371,15238CPNTC540AL,CAPINTEC INC,540 ALPHA DR,PITTSBURGH,ALLEGHENY,42003,PA,15238,3,1,CAPINTEC INC,540 ALPHA DR,PITTSBURGH,PA,,UNITED STATES,15238,C,,,047684501,CAPINTEC INC,402957,795218,40.499167,79.871667,150,UN,UN,1,U,1010,0,MARY ANNE DELL,4129631988,,,,,110000329742
4372,15238KPPRS1005W,KOPPERS INDUSTRIES INC HTC PILOT PLANT,1005 WILLIAM PITT WAY,PITTSBURGH,ALLEGHENY,42003,PA,15238,3,0,KOPPERS INDUSTRIES INC HTC PILOT PLANT,1005 WILLIAM PITT WAY,PITTSBURGH,PA,,,15238,C,,,196991582,KOPPERS INDUSTRIES INC,402800,805000,,,,,,,,,0,BOB WOMBLES,4128263951,,,,,110001078707
4373,15238MTTHW101FA,MATTHEWS INTERNATIONAL CORP,101 FAIRVIEW AVE,PITTSBURGH,ALLEGHENY,42003,PA,15238,3,0,MATTHEWS INTERNATIONAL CORP,101 FAIRVIEW AVE,PITTSBURGH,PA,,,15238,C,,,,MATTHEWS INTERNATIONAL CORP,402919,795014,40.494018,79.865201,150,A1,PG,1,J,1000,0,MARK REMLINGER,4124428200,,,,,110000329751
4374,15238PPRCRPAPER,PAPERCRAFT CORP GIFTWRAP DIV,PAPERCRAFT PARK,PITTSBURGH,ALLEGHENY,42003,PA,15238,3,0,PAPERCRAFT CORP GIFTWRAP DIV,PAPERCRAFT PARK,PITTSBURGH,PA,,,15238,C,,,004328365,PAPERCRAFT CORP,402934,795136,40.492778,79.86,11000,UN,UN,1,U,1000,0,ROGER FONTAINE,4123628000,,,,,110006377508
4375,15238SCHND620AL,CAPINTEC INC,620 ALPHA DR,PITTSBURGH,ALLEGHENY,42003,PA,15238,3,1,CAPINTEC INC,620 ALPHA DR,PITTSBURGH,PA,,UNITED STATES,15238-2912,C,,,,,433040,795010,40.503823,79.871533,150,A1,PG,1,J,1000,0,MARY ANNE YUSKO,2018259500,312,MARYANNE.YUSKO@CAPINTEC.COM,,,110000819106
4376,15239DLNCX535OL,IDL INC,535 OLD FRANKSTOWN RD,PITTSBURGH,ALLEGHENY,42003,PA,15239,3,0,IDL INC,4520 OLD WILLIAM PENN HWY,PITTSBURGH,PA,,,15146-1626,C,,,,,402744,794544,40.462222,79.762222,150,UN,UN,1,U,1010,0,NANCY BAYLISS,4127982500,,,,,110000329760
4377,15239RBCNC100SA,ROBICON CORP,100 SAGAMORE HILL RD,PITTSBURGH,ALLEGHENY,42003,PA,15239,3,0,ROBICON CORP,100 SAGAMORE HILL RD,PITTSBURGH,PA,,,15239,C,,,005145958,BARBER-COLEMAN CO,,,40.4842,79.7355,11000,Z1,UN,1,U,0000,0,,,,,,,110001029958
4378,1523WBRNGS63ALP,BEARING SVC CO,630 ALPHA DR RIDC PARK,PITTSBURGH,ALLEGHENY,42003,PA,15238,3,0,BEARING SVC CO,630 ALPHA DR RIDC PARK,PITTSBURGH,PA,,,15238,C,,,,,,,,,,,,,,,0,RYAN BANKS,4127264549,3040,RBANKS@BEARING-SERVICE.COM,,,110004882949
4379,15238WSTNG200BE,EMERSON PROCESS MANAGEMENT POWER & WATER SOLUTIONS INC,200 BETA DRIVE,PITTSBURGH,ALLEGHENY,42003,PA,15238,3,0,EMERSON PROCESS MANAGEMENT POWER & WATER SOLUTIONS INC,200 BETA DRIVE,PITTSBURGH,PA,,,15238,C,,,006269633,EMERSON ELECTRIC CO,402956,795143,40.503056,79.863889,150,UN,UN,1,U,1010,0,TIMOTHY MILLER,4129634000,,,,,110001092246
4380,15275SHNDN171IN,THERMO FISHER SCIENTIFIC,171 INDUSTRY DR,PITTSBURGH,ALLEGHENY,42003,PA,15275,3,1,THERMO FISHER SCIENTIFIC,171 INDUSTRY DR,PITTSBURGH,PA,,,15275,C,,,001408673,THERMO FISHER SCIENTIFIC INC,402735,801225,40.424796,80.041621,150,A1,PG,1,J,1000,0,DON HERBST,4124893410,,DON.HERBST@THERMOFISHER.COM,,THERMO FISHER SCIENTIFIC INC,110000329779
4381,18974PNNRCJOHNF,PANNIER GRAPHICS,345 OAK RD,GIBSONIA,ALLEGHENY,42003,PA,15044,3,0,PANNIER GRAPHICS,345 OAK RD,GIBSONIA,PA,,,15044,C,,,004320982,PANNIER CORP,403753,795303,40.6352,79.9435,11000,Z1,UN,1,U,0000,0,JEFFREY HEDDAEYS,7242654900,203,JKH@PANNIER.COM,,PANNIER CORP,110002341573
